student_id,topic_id,mean hesitation,std hesitation,mean conf,std conf,grammar point,words,unique word (%),% rare words,have transcript,IELTS speaking score,,
83,7,0.1842347151,0.5082181781,0.9243793725,0.1583217282,53,109,71,13,,50,,
83,18,0.186960325,0.4507958125,0.3127856438,0.3127856438,85,48,73,14,,50,,
83,2,0.1923314541,0.3585755736,0.9001282652,0.1719746614,,,,,,50,too short,at least 30 words
83,16,0.1410350255,0.3127856438,0.9373628857,0.1386083188,,,,,,50,too short,
83,7,,,,,44,111,69,13,,50,,
83,18,0.186960325,0.4507958125,0.9205683388,0.1691214649,85,48,73,14,,50,,
84,18,0.1192593375,0.2693995768,0.9484907516,0.131192885,54,155,55,24,,50,,
84,13,0.1084285158,0.200995098,0.9562779792,0.122098207,60,99,60,24,,50,,
84,21,0.1385609516,0.2581412457,0.9360987937,0.142092106,84,77,78,20,,50,,
84,2,0.1062794919,0.2392442172,0.953151328,0.1319917378,75,150,61,19,,50,,
84,2,0.07,0.1460791923,0.94403436,0.1385366194,,,,,,50,too short,
84,2,0.1041061951,0.2050289189,0.9732020714,0.09223270023,72,41,73,10,,50,,
85,1,0.2357216438,0.4873156354,0.9295538299,0.1552761585,75,120,60,11,,50,,
85,20,0.2168169722,0.4016419018,0.8733861081,0.196450954,89,47,83,10,,50,,
85,2,0.2199721224,0.4068659179,0.9198917868,0.1571248108,90,147,61,16,,50,,
86,14,0.10672025,0.1996318888,0.9779062432,0.06945847491,,,,,,55,too short,
86,11,0.1110392308,0.208061041,0.97475535,0.07685511056,87,35,91,9,,55,,
86,14,0.1161372162,0.2134569644,0.9470423421,0.1340100649,76,44,80,14,,55,,
86,16,0.10227216,0.2157258086,0.9349424868,0.1626957674,,,,,,55,too short,
86,7,0.0982565,0.1843883797,0.9075482973,0.187849442,,,,,,55,too short,
86,7,0.0833195,0.1569192643,0.9693641707,0.1039806125,,,,,,55,too short,
86,10,0.9762847647,0.2197454623,0.9762847647,0.06676885599,57,41,78,19,,55,,
86,14,0.106729,0.1996285432,0.978319,0.0670619298,98,30,80,21,,55,,
86,12,0.1004901379,0.1937028328,0.9587104091,0.310581123,93,79,67,6,,55,,
86,13,0.08657331707,0.1676500996,0.9758144048,0.07132254286,53,37,89,21,,55,,
86,13,0.08400975,0.1425512217,0.9385531081,0.1276661931,52,31,97,27,,55,,
86,12,0.1363746,0.2290166391,0.8811591463,0.1981590786,,,,,,55,too short,
86,13,0.07805725,0.1595013631,0.9512044634,0.1304430579,99,54,80,26,,55,,
86,13,0.08837744048,0.194211969,0.9351397294,0.1535284318,,,,,,55,too short,
86,13,0.1163928382,0.1954668471,0.9382606957,0.1617632004,78,39,79,26,,55,,
86,12,0.0676056338,0.1388469331,0.9665403472,0.1107092249,69,89,69,20,,55,,
86,12,0.0992619537,0.1775720434,0.9360893945,0.1396375346,88,52,81,24,,55,,
86,12,0.1073445366,0.1807334575,0.9213237857,0.1620195752,65,62,81,14,,55,,
86,6,0.1722101848,0.2921959109,0.9639977957,0.114237732,80,87,71,21,,55,,
86,17,,,,,81,167,63,16,,55,,
86,2,0.1947737353,0.2785102335,0.9578434783,0.1288227438,67,77,78,25,,55,,
87,14,1.362429343,1.487268994,0.6628088987,0.242019579,95,39,100,5,,55,,
87,20,0.730564954,1.166800139,0.730564954,0.234995631,94,52,81,10,,55,,
87,1,1.268328731,1.434382765,0.7244738223,0.2334655105,,3,,,,55,too short,
87,3,0.7473282528,0.9410862451,0.7708252698,0.2298446313,83,364,43,15,,55,,
87,13,0.8263546891,1.017117629,0.7291000772,0.2315144063,99,591,40,19,,55,,
87,2,0.739885933,0.9963827131,0.763022371,0.2252141723,100,587,38,13,,55,,
87,17,0.669776421,0.8734965424,0.7868937647,0.2246166543,100,642,40,16,,55,,
87,7,0.7903887723,1.105451601,0.7766437668,0.224990492,96,664,38,15,,55,,
88,20,0.1624984898,0.3540949096,0.9478762097,0.1283760656,98,754,43,23,,55,,
88,1,0.1676492693,0.310581123,0.9627789543,0.1085947012,98,597,36,17,,55,,
88,3,0.1741371641,0.3629275382,0.945799977,0.1350463213,100,635,40,24,,55,,
88,13,0.149498879,0.2866752,0.9523945579,0.1256690285,100,735,36,24,,55,,
88,2,0.1511700508,0.2739095225,0.9461088206,0.1283142474,100,613,41,25,,55,,
88,2,0.1588820423,0.2427608461,0.9570563122,0.1223769638,99,708,43,28,,55,,
88,14,0.1706025098,0.3742305506,0.9483872024,0.1296938091,100,729,34,22,,55,,
88,20,0.7690043614,1.361581652,0.7654060778,0.2293303609,98,174,61,18,,55,,
89,2,0.6961497596,0.8979473745,0.7522367656,0.2359806069,95,214,54,23,,55,,
89,1,0.4929377157,0.7877993073,0.7911719697,0.2315030197,99,188,58,24,,55,,
89,3,0.7835712349,1.020164983,0.7442437485,0.2347772682,92,173,62,18,,55,,
89,13,1.408183549,1.670717523,0.7030866341,0.2504790809,99,213,54,12,,55,,
89,7,0.5764417315,0.8832953363,0.8231612304,0.2117513132,99,210,55,20,,55,,
90,14,0.1681817621,0.378344021,0.9051236763,0.17018004,90,96,69,18,,50,,
90,20,0.2635281083,0.5581551324,0.8971097208,0.1816330478,100,409,50,23,,50,,
93,14,0.1616973842,0.3219677391,0.9398396798,0.1380918257,86,120,62,11,,60,,
93,14,0.1887921857,0.2955483682,0.9259715248,0.1491608335,52,114,65,12,,60,,
93,14,0.1591933801,0.2877453195,0.9466249186,0.1343830771,44,76,78,10,,60,,
93,3,0.157904143,0.2867066296,0.9289801453,0.1507968582,82,288,58,17,,60,,
93,18,0.1256929619,0.2418478367,0.9069362898,0.1666195688,,2,,,,60,too short,
93,5,0.1425510757,0.2609087934,0.9578894408,0.1197008991,95,356,46,23,,60,,
93,1,0.1136481346,0.2212393819,0.9582304005,0.1211218368,98,251,48,18,,60,,
93,20,0.1593299849,0.2894019376,0.9529021325,0.1326191509,99,204,57,18,,60,,
94,14,0.1725774494,0.4876119821,0.9572865817,0.1181801935,91,605,47,18,,60,,
94,12,0.2303228362,0.6114681213,0.9618889766,0.1131344401,94,437,49,24,,60,,
94,3,0.1782678356,0.5127878639,0.9632014263,0.1064323841,100,800,42,29,,60,,
94,18,0.14887985,0.4556036818,0.9608358091,0.1155260265,100,433,48,27,,60,,
94,5,0.1813839399,0.5420730085,0.9420060294,0.1385963424,100,773,46,34,,60,,
94,13,0.1520432787,0.5137388893,0.9540262415,0.1203044974,100,394,58,29,,60,,
94,1,0.1295758547,0.3875927339,0.9532085483,0.124742203,100,392,47,23,,60,,
96,14,0.1480233588,0.4032566436,0.9444133118,0.1363571462,99,231,58,16,,60,,
96,12,0.2271046942,0.4658406743,0.9424169756,0.1410240918,100,445,48,21,,60,,
96,3,0.1747720749,0.4683474853,0.9511252992,0.127186215,100,457,46,27,,60,,
96,15,0.2162320324,0.4361873807,0.1314692747,0.1314692747,88,152,73,31,,60,,
96,15,0.1221884646,0.2850483751,0.9580058945,0.128501039,72,143,66,27,,60,,
96,5,0.1659072149,0.3741871979,0.9488550482,0.1302648913,100,405,52,26,,60,,
96,13,0.1479175339,0.3314586219,0.9484520315,0.1214318533,61,147,62,27,,60,,
96,13,0.093375553,0.2137578589,0.9470329541,0.1378839938,71,158,63,23,,60,,
96,1,0.1417521064,0.3614957886,0.9471376771,0.1273904661,100,496,49,26,,60,,
96,20,0.1693325,0.3853186523,0.926847611,0.1533824624,97,282,53,23,,60,,
101,5,0.1144729843,0.1922328803,0.9660554258,0.1082294435,70,179,50,22,,60,,
101,4,0.1348446556,0.2738784981,0.9601240785,0.114413926,95,257,50,13,,60,,
101,2,0.1414253476,0.2192043947,0.9517353412,0.1254526732,96,224,52,18,,60,,
101,2,0.1415652672,0.2531193774,0.9785278712,0.08473021464,99,244,47,12,,60,,
101,2,0.1438194762,0.2455064892,0.9678401595,0.1153445133,99,206,50,21,,60,,
101,2,0.1501815881,0.2475129916,0.9499722919,0.1349032937,99,341,51,22,,60,,
101,2,0.1333698017,0.2208237013,0.9450643025,0.1378833549,97,213,50,19,,60,,
101,2,0.1654883812,0.2543806934,0.9615009669,0.1198913092,100,394,49,22,,60,,
101,5,0.1231145333,0.2064930508,0.9593929202,0.1087947813,99,258,50,16,,60,,
101,5,0.2024336154,0.3525524531,0.9497955072,0.133604326,85,383,44,25,,60,,
101,2,0.1557860699,0.2721182299,0.9622528174,0.1156595908,60,169,64,28,,60,,
101,2,0.145539727,0.2205865918,0.968309062,0.1038575964,96,354,44,21,,60,,
111,14,0.1792225578,0.4309939744,0.949489061,0.1326938223,100,522,41,15,,50,,
111,12,0.1344477741,0.2878531966,0.9624575519,0.2545503667,99,375,46,18,,50,,
111,3,0.1294462142,0.2545503667,0.9490719776,0.1284666582,99,710,43,20,,50,,
111,18,0.1666095784,0.3312195528,0.9316240326,0.1540331163,88,314,52,15,,50,,
111,13,0.1967870457,0.3233609301,0.9292128939,0.1514930815,53,178,67,21,,50,,
113,14,1.229916865,1.436373618,0.7005925385,0.2333894419,99,214,58,20,,55,,
113,10,1.48075683,2.021902838,0.7413211761,0.2319554507,100,391,46,22,,55,,
113,9,1.322113752,1.420018476,0.7217020985,0.2298470201,100,520,45,23,,55,,
113,3,1.351764816,1.506528312,0.6968853249,0.231584141,94,226,45,21,,55,,
114,14,0.1336097221,0.2792868911,0.9794063668,0.08459451054,99,217,57,23,,50,,
114,10,0.1278513914,0.2466008433,0.954831082,0.1242597264,69,174,63,18,,50,,
114,10,0.1143046637,0.200461576,0.9686299386,0.1074912127,68,63,70,18,,50,,
115,14,0.1621479721,0.2933940415,0.9111243299,0.1662956061,92,240,53,19,,50,,
115,14,0.1284228757,0.2636719108,0.8997460618,0.1773061564,72,146,62,19,,50,,
115,11,0.143534712,0.2792691496,0.8930311135,0.1799299207,94,145,66,13,,50,,
115,11,0.08276727211,0.1879006818,0.9190579865,0.1498995481,92,145,77,20,,50,,
115,9,0.1698587286,0.3014001032,0.8818209953,0.1822462826,60,160,64,20,,50,,
115,11,0.1655885746,0.3864384256,0.9343972741,0.1357298586,76,135,65,11,,50,,
117,14,0.09556626667,0.2568063203,0.9470485588,0.5811029411,72,130,61,14,,40,,
117,10,0.1807407375,0.3629044742,0.9619885802,0.1186586778,89,89,63,16,,40,,
117,10,0.3097144667,0.5811029411,0.9513564918,0.11371848,64,66,58,16,,40,,
117,10,0.039587,0.1117658855,0.9567920625,0.1123634786,68,62,71,20,,40,,
117,3,0.1756002162,0.3590959355,0.9536515982,0.1244942875,98,94,71,13,,40,,
117,3,0.3329757846,0.5884283646,0.9281873485,0.1542851083,95,47,74,23,,40,,
118,14,0.1153094689,0.209030148,0.9523600225,0.132373322,95,322,74,23,,55,,
118,10,0.1034012486,0.2362266195,0.9670974598,0.1118332576,82,173,55,26,,55,,
119,14,0.1890689037,0.4710988901,0.9460408173,,100,422,45,19,,55,,
119,9,0.1603807197,0.3438960901,0.943694836,0.1374149565,87,283,55,17,,55,,
119,3,0.9477168549,0.4032974641,0.9477168549,0.136219529,97,295,52,18,,55,,
119,8,0.1948874641,0.4196857778,0.9494445179,0.1332737818,95,259,56,22,,55,,
119,2,0.2197255369,0.4812027814,0.9379241646,0.1429268664,97,296,55,19,,55,,
120,9,0.3730433071,0.6826047496,0.839838,0.2029222545,67,150,75,22,,50,,
121,7,0.1110204864,0.2817867608,0.9646083523,0.104976486,100,807,44,26,,55,,
121,3,0.1093920488,0.2263880364,0.9708599954,0.09782190369,96,421,49,23,,55,,
121,12,0.1029298484,0.2598198271,0.9719040881,0.09656603956,99,852,44,22,,55,,
122,12,0.7625871688,0.820077753,0.7638883894,0.226850965,94,231,62,13,,60,,
122,3,0.9909945262,1.214603258,0.7487111442,0.2424541036,100,518,50,20,,60,,
122,5,0.4025082727,0.5831839453,0.7745586045,0.2208688959,86,211,60,26,,60,,
122,5,0.4997725556,0.7669366824,0.8037537819,0.2286174678,97,279,57,26,,60,,
123,11,0.09486082,0.2526786014,0.9685203137,0.0884985539,83,49,73,14,,60,,
123,11,0.09902208108,0.2232099028,0.9766073684,0.06582257172,97,51,82,24,,60,,
123,11,0.0715845814,0.1752543676,0.9218698636,0.1858894051,96,36,86,19,,60,,
123,11,,,,,98,41,88,14,,60,,
123,11,,,,,79,43,70,23,,60,,
123,11,,,,,83,53,75,30,,60,,
123,11,,,,,89,43,81,17,,60,,
123,11,,,,,34,47,81,11,,60,,
123,11,,,,,,28,,,,60,too short,
123,11,,,,,74,66,70,20,,60,,
123,7,0.1007447097,0.2153474415,0.9634364134,0.10810249,92,374,48,21,,60,,
123,16,0.1215968303,0.2412881985,0.953914006,0.1238987737,94,321,45,25,,60,,
123,3,0.1139516295,0.2396850539,0.9625442255,0.1169202193,94,270,54,24,,60,,
123,5,0.1250117105,0.2875865368,0.9528411074,0.1214143895,89,382,45,24,,60,,
123,13,0.1211161317,0.2245445695,0.9680138607,0.0988565208,99,256,54,27,,60,,
123,1,0.1443757695,0.2839358809,0.9554723981,0.1210186228,100,640,41,21,,60,,
135,2,0.1704354295,0.3783551985,0.9599108089,0.1177711343,98,180,63,25,,55,,
135,2,0.169213,0.2795003759,0.9487336168,0.1252364656,90,63,78,14,,55,,
135,2,0.1600961961,0.2722850859,0.9160123495,0.1657178749,57,100,62,15,,55,,
135,2,0.1766316545,0.287618813,0.953839045,0.1228879117,80,96,65,18,,55,,
135,2,0.1848956018,0.3597686004,0.9265072719,0.1648982475,81,69,70,21,,55,,
137,14,0.07191084375,0.1681610586,0.9751171628,0.08786830995,50,97,64,26,,55,,
137,14,0.06098568063,0.14059204,0.9738094063,0.1071654925,54,45,78,14,,55,,
137,13,0.06248137405,0.1569513052,0.9818752045,0.07676969023,83,49,78,21,,55,,
137,17,0.1311156951,0.2604332212,0.9807446727,0.08103440637,79,173,65,14,,55,,
137,2,0.1154697676,0.2324098961,0.9766829301,0.07986174269,96,193,60,30,,55,,
139,14,0.04375,0.101302679,0.9462478163,0.1286587439,71,49,80,23,,55,,
139,14,0.05261223529,0.0977577179,0.9151949615,0.1682892779,89,44,86,24,,55,,
139,14,,,,,74,37,86,25,,55,,
139,14,,,,,58,31,81,20,,55,,
139,14,,,,,65,36,92,18,,55,,
142,6,0.1113427895,0.2100326111,0.9534933077,0.1133560864,76,57,82,19,,55,,
142,6,0.05579636,0.1077076323,0.8997169804,0.1834856749,87,70,74,15,,55,,
142,14,0.1183702857,0.1641665345,0.9418762222,0.1321850371,77,48,71,24,,55,,
142,2,0.1062673089,0.2284139439,0.9266832713,0.1599703393,49,226,50,21,,55,,
143,14,2.198527904,2.235241603,0.6555446064,0.23656742,99,725,50,22,,50,,
143,11,1.737913446,1.837806269,0.6836135514,0.2437108633,97,626,44,26,,50,,
143,10,1.97114581,2.623961128,0.681058678,0.2568516489,86,108,65,14,,50,,
147,6,0.1521456116,0.2979095587,0.9459527927,0.1327389784,99,271,58,26,,50,,
147,15,0.1738711743,0.2991150205,0.949525247,0.1314463294,99,305,53,17,,50,,
147,17,0.1562417135,0.2961471339,0.9421533195,0.1340335522,84,368,50,20,,50,,
147,2,0.1496067837,0.282764606,0.9380650081,0.1284878823,99,234,59,26,,50,,
147,2,0.1732407778,0.3145509171,0.9382623937,0.1400396772,64,107,73,18,,50,,
149,18,,,,,,21,,,,,too short,
149,6,0.1832142857,0.2285226883,0.9487701724,0.1107455336,94,32,66,14,,50,,
149,11,0.2535398077,0.3383619309,0.134856194,0.134856194,54,34,68,13,,50,,
149,2,,,,,,24,,,,50,too short,
152,6,0.1132781338,0.23612558,0.9411664311,0.1395711836,50,238,58,18,,60,,
152,11,0.1169554513,0.2414494317,0.9565231978,0.1232126869,66,65,71,13,,60,,
152,10,0.1535794226,0.2782970316,0.9379214485,0.1292927487,59,101,61,16,,60,,
152,9,0.08206511082,0.154379855,0.9333840077,0.1428373573,48,116,67,17,,60,,
152,15,0.134325508,0.2881334044,0.9296917545,0.1445173745,95,245,62,20,,60,,
152,17,0.1053563333,0.20421375,0.9453104476,0.1281860447,89,102,72,15,,60,,
001,03,0.136574,0.400772,0.952805,0.128137,79,45,80,17,,70,,
001,04,0.171405,0.488573,0.940314,0.143486,89,57,74,21,,70,,
001,05,0.1633953889,0.5111163579,0.9297634727,0.1517044791,,,,,,70,,
001,07,0.113236,0.281142,0.970526,0.09266,86,112,68,17,,70,,
001,15,0.151950125,0.4128198293,0.9359941053,0.1496434582,,,,,,70,,
002,01,0.146445,0.475925,0.968951,0.098056,100,566,49,23,,65,,
002,03,0.189565,0.408148,0.964099,0.106777,99,868,42,32,,65,,
002,05,0.215556,0.471175,0.962586,0.107523,99,656,48,27,,65,,
002,12,0.177325,0.401342,0.962986,0.105536,100,403,44,28,,65,,
002,13,0.17475,0.405374,0.973224,0.093856,100,518,51,26,,65,,
002,14,0.201764,0.459385,0.953728,0.114318,100,696,40,25,,65,,
002,15,0.175789,0.427689,0.951836,0.124228,99,345,50,24,,65,,
003,05,0.132326,0.325456,0.96324,0.116841,100,471,42,23,,70,,
003,06,0.112227,0.28989,0.965437,0.100797,100,459,48,25,,70,,
003,12,0.10567,0.272532,0.954311,0.120769,100,562,46,24,,70,,
003,13,0.116225,0.285607,0.975756,0.086023,85,191,55,21,,70,,
003,15,0.105611,0.295575,0.953646,0.125144,98,569,43,20,,70,,
004,01,0.107481,0.305265,0.963901,0.101408,97,284,52,16,,80,,
004,03,0.09796,0.29425,0.971411,0.098658,97,756,46,26,,80,,
004,05,0.100288,0.252963,0.966099,0.109917,100,702,44,25,,80,,
004,12,0.095961,0.255969,0.977729,0.080616,100,547,44,21,,80,,
004,13,0.07875,0.199041,0.970527,0.102784,91,284,59,18,,80,,
004,14,0.081365,0.253525,0.97709,0.086556,100,735,43,22,,80,,
004,15,0.545298,1.143909,0.791595,0.230831,100,540,44,20,,80,,
005,01,0.160383,0.343202,0.9655,0.100492,87,399,51,21,,65,,
006,03,0.268667,0.492733,0.953651,0.125028,,,,,,70,,
006,04,0.157976,0.285471,0.972872,0.090816,77,158,59,21,,70,,
006,04,0.159345,0.274059,0.951716,0.111038,71,53,77,20,,70,,
006,04,0.214923,0.374314,0.967424,0.106896,95,72,81,24,,70,,
006,04,0.182879,0.344773,0.940975,0.12872,99,63,81,12,,70,,
007,01,1.593837,1.564426,0.649182,0.221108,75,251,45,25,,70,,
007,01,2.316346,2.289192,0.655719,0.238033,100,406,43,20,,70,,
007,01,1.673878,1.71742,0.701459,0.238461,100,844,33,25,,70,,
007,03,1.967486,1.838714,0.669808,0.246285,68,521,40,18,,70,,
007,05,1.263951,1.34934,0.698344,0.231267,99,228,47,23,,70,,
007,05,1.51863,1.602563,0.677401,0.23265,98,329,46,17,,70,,
007,06,2.393993,2.442061,0.655093,0.25641,98,692,39,19,,70,,
007,12,1.709649,1.992295,0.659252,0.239252,100,467,39,13,,70,,
007,13,2.030749,1.922993,0.637424,0.243621,100,517,40,21,,70,,
007,15,1.985385,1.9547,0.66433,0.236302,96,272,47,16,,70,,
007,15,2.169571,1.991876,0.694002,0.252095,81,450,42,17,,70,,
007,20,1.964067,1.829024,0.67084,0.240312,100,838,35,24,,70,,
008,01,0.176805,0.391919,0.980391,0.08368,100,1010,29,21,,70,,
008,02,0.215132,0.465808,0.975974,0.091832,100,1009,38,26,,70,,
008,04,0.198963,0.394885,0.984686,0.068936,100,730,33,21,,70,,
008,05,0.176747,0.356527,0.978505,0.085511,99,1207,33,26,,70,,
008,06,0.17131,0.359808,0.979642,0.079129,100,1111,27,25,,70,,
008,07,0.203319,0.378083,0.984167,0.076431,95,858,38,17,,70,,
008,08,0.195896,0.428401,0.983632,0.079188,100,975,33,22,,70,,
008,09,0.184552,0.370075,0.984302,0.370075,100,1040,29,27,,70,,
011,09,1.902154088,1.733957435,0.645038019,0.2455824976,99,450,48,27,,70,,
011,11,2.617364275,2.467831184,0.6300423398,0.2459568622,100,513,43,21,,70,,
011,14,2.14998287,2.310902667,0.6612633252,0.2207461474,99,316,47,24,,70,,
011,15,2.277482961,2.303417089,0.6513947692,0.2427134025,97,197,54,21,,70,,
011,15,2.462639884,2.474643972,0.6665282178,0.2455321647,100,412,51,26,,70,,
011,17,3.600686414,3.382954857,0.5671712254,0.2454674141,98,188,58,28,,70,,
011,17,0.1409086395,0.3165808116,0.9698163793,0.09568414446,100,377,46,18,,70,,
011,02,2.158134776,2.060649906,0.6575713324,0.2443196193,100,564,52,29,,70,,
011,03,2.097739229,2.078194381,0.6434652233,0.2542018384,100,405,50,21,,70,,
011,08,2.069523116,2.156071293,0.6770255405,0.2675060642,99,273,50,24,,70,,
012,01,0.180676796,0.4273697485,0.98054601,0.07711478424,84,172,52,16,,65,,
012,01,0.1255186369,0.3296499331,0.9583641056,0.116405599,73,108,69,23,,65,,
012,01,0.1409086395,0.3165808116,0.9698163793,0.09568414446,65,173,58,25,,65,,
012,02,0.1973725519,0.3969791715,0.9493067089,0.1261284236,96,215,53,20,,65,,
012,02,0.1982406333,0.3934979043,0.9748258008,0.09601570279,98,179,60,21,,65,,
012,02,0.2116696294,0.4563604884,0.9635224375,0.115912814,70,162,57,26,,65,,
012,02,0.1479354,0.3412644164,0.9439272459,0.1316483631,97,59,76,33,,65,,
012,02,0.2139678706,0.410315183,0.9629628488,0.1249211227,87,112,67,24,,65,,
012,02,0.211175252,0.3873525049,0.9692313594,0.1043973218,86,119,65,25,,65,,
012,03,0.1789460085,0.3965518476,0.9552893432,0.1346872632,99,235,55,25,,65,,
012,03,0.1495346311,0.3233649556,0.9782076442,0.09462510411,66,92,70,25,,65,,
012,03,0.1781519012,0.4026484311,0.9789683179,0.07653907636,90,160,58,17,,65,,
012,03,0.1802304074,0.3249876884,0.9670272,0.1123018138,83,68,72,14,,65,,
012,03,0.1727509691,0.3339809302,0.9651781735,0.09791048413,69,90,74,19,,65,,
012,05,0.1520478788,0.3248628251,0.9687444211,0.1179361346,75,137,63,20,,65,,
012,05,0.1595193672,0.3259389447,0.9628586732,0.1166641829,98,259,54,26,,65,,
012,05,0.1352454648,0.2348201263,0.9793295556,0.07438252935,85,59,75,20,,65,,
012,05,0.1682882308,0.3097377898,0.9702880076,0.09781602184,90,127,59,17,,65,,
012,07,0.1614871697,0.3070977413,0.9660717215,0.1159413119,99,210,52,22,,65,,
012,07,0.1668760667,0.3490284509,0.9671172133,0.1075736455,97,182,57,17,,65,,
012,07,0.1954093413,0.3953663002,0.9558439606,0.1274600313,75,119,58,17,,65,,
013,02,3.952321934,3.33789758,0.6039862258,0.2217722295,,,,,,70,,
013,07,4.534069128,4.106364426,0.5440180833,0.2035821214,,,,,,70,,
013,17,2.793270768,2.078044882,0.6134118421,0.230520032,98,217,72,29,,70,,
014,01,0.08611243697,0.1704129838,0.9575539083,0.1285081857,76,78,72,20,,65,,
014,02,0.07788654206,0.1853500466,0.9655740648,0.09443061519,84,112,64,18,,65,,
014,02,0.07337149558,0.1800130393,0.9691697193,0.09704536178,89,101,77,26,,65,,
014,02,0.1116099882,0.2034870246,0.9794702907,0.07172841486,79,93,75,11,,65,,
014,02,0.1083315921,0.2203319617,0.9697973117,0.1102544586,96,79,65,22,,65,,
014,02,0.06645286458,0.1549134256,0.9642599381,0.1166685743,86,120,73,15,,65,,
014,03,0.1027174274,0.1893850682,0.9797927119,0.07681049108,83,124,68,24,,65,,
014,13,0.07739847059,0.1657609866,0.9549664884,0.1241764097,64,106,70,22,,65,,
014,20,0.1119168609,0.1978304824,0.9537281034,0.1174313378,57,114,55,11,,65,,
016,03,0.1396699057,0.3022784771,0.9235431714,0.1523689026,84,138,84,16,,60,,
016,03,0.198609204,0.4027814481,0.9321689082,0.1430285183,99,236,62,23,,60,,
016,05,0.1634519233,0.3500826471,0.9431686148,0.1365837137,99,300,52,19,,60,,
016,06,0.1131191381,0.2307944315,0.9458054958,0.1329914166,97,206,54,19,,60,,
016,07,0.1264749369,0.3023968506,0.958716715,0.1137349788,69,97,72,16,,60,,
016,07,0.1187889198,0.2618520261,0.9604759202,0.115726404,92,62,82,14,,60,,
016,07,0.1591438905,0.3795899752,0.9537898748,0.1256065074,99,338,54,25,,60,,
016,07,0.1295318202,0.3330968851,0.9547459495,0.1266439685,83,351,47,19,,60,,
016,09,0.1401756858,0.2877534718,0.9531348899,0.1215047194,81,172,61,25,,60,,
016,09,0.2099448627,0.4265499844,0.9334457239,0.1534945714,99,284,59,27,,60,,
017,04,0.1444037623,0.291702136,0.9479746554,0.1432099184,85,291,42,21,,65,,
017,05,0.1335848198,0.3141906442,0.9805359462,0.08639981478,99,241,48,15,,65,,
017,11,0.1780316982,0.3805632863,0.9668391987,0.1004075794,100,588,24,35,,65,,
017,13,0.1736720083,0.3243127831,0.9624873503,0.1160156953,100,1050,30,25,,65,,
019,02,0.1894907737,0.3285548758,0.9615987295,0.1176892668,99,202,55,22,,60,,
019,06,0.1712158733,0.3261772833,0.9667888838,0.1076090719,100,782,33,22,,60,,
019,07,0.1832195021,0.3490878145,0.9716204034,0.0965051188,69,179,55,24,,60,,
019,07,0.1723169469,0.3478483348,0.9671360655,0.09407010664,100,507,40,16,,60,,
019,18,0.1374290378,0.265518138,0.9677684075,0.1048226078,97,217,48,15,,60,,
021,03,0.5368165426,0.8550618057,0.8130309624,0.2188558198,100,696,40,21,,65,,
021,12,0.486009015,0.7906594531,0.8221327712,0.2156668957,99,789,40,21,,65,,
021,14,0.5036380864,0.7513687541,0.8144345615,0.2030849096,79,185,56,17,,65,,
021,14,0.416311941,0.6331808856,0.8217795184,0.2023027604,98,231,47,13,,65,,
021,17,0.5033814052,0.7548708019,0.8405211026,0.1849593215,91,102,68,17,,65,,
021,17,0.456542774,0.7458435753,0.8226150544,0.2038745015,88,113,63,11,,65,,
022,11,0.13244,0.302925,0.965987,0.101328,81,126,62,12,,50,,
022,15,0.116298,0.202939,0.952147,0.133962,88,141,62,16,,50,,
022,17,0.1637458646,0.2884924586,0.946982342,0.1303257876,99,196,62,16,,50,,
023,07,0.8969842739,1.021865598,0.7325899365,0.2444370295,99,362,51,19,,60,,
023,08,0.7731805772,0.9740037593,0.7697307015,0.2250761544,99,239,57,23,,60,,
024,07,0.094916,0.199467,0.925419,0.162284,,,,,,50,,
024,11,0.104679,0.188901,0.933585,0.148396,86,138,57,9,,50,,
024,12,0.103025,0.216463,0.951397,0.128058,81,116,59,10,,50,,
024,16,0.102553,0.20642,0.926038,0.150819,78,36,94,9,,50,,
024,16,0.08304410204,0.1772514035,0.9391249309,0.1441025401,86,138,59,0,,50,,
024,16,0.1025471066,0.2067220814,0.9246791768,0.1517168105,89,159,51,12,,50,,
024,16,0.09638042424,0.1999237421,0.9255050431,0.161129079,81,116,59,10,,50,,
025,11,0.2073020183,0.4388173797,0.9296854188,0.1576902859,87,427,48,24,,65,,
025,14,0.1077560216,0.2886318374,0.9450270214,0.1432577306,95,40,78,16,,65,,
025,14,0.2586859211,0.4776674207,0.8827763846,0.160449024,90,82,61,12,,65,,
026,02,0.2080259272,0.3491883897,0.9388315835,0.1384474619,99,350,50,18,,50,,
026,07,0.1927165242,0.3120504417,0.9197344699,0.1718353688,53,214,60,21,,50,,
026,09,0.2137665333,0.3823900908,0.9514204961,0.1243283892,85,217,54,17,,50,,
026,10,0.1499142488,0.3219408956,0.9289434905,0.1510877334,96,198,59,15,,50,,
026,12,0.1821352203,0.1821352203,0.9295056236,0.1582728573,93,126,69,15,,50,,
026,14,0.223688369,0.4370431534,0.9287383773,0.1528857202,89,329,51,20,,50,,
026,16,0.172243008,0.3380405579,0.947936772,0.1255850812,99,229,52,13,,50,,
027,02,0.2423217524,0.4041803928,0.9187428077,0.1584861925,99,214,54,18,,50,,
027,06,0.3865756798,0.6710484864,0.8675479755,0.1869564447,84,128,69,20,,50,,
027,09,0.2809654739,0.4332024896,0.9119690228,0.1625687119,98,186,64,12,,50,,
027,11,0.3369357035,0.5541686333,0.9481642312,0.1337868572,94,75,75,7,,50,,
027,16,0.3866089266,0.5857691385,0.88938875,0.1834940602,96,57,82,17,,50,,
027,16,0.1694784096,0.3310129708,0.9233514167,0.1516821453,98,214,48,12,,50,,
027,21,0.2075644397,0.3725130414,0.8810849859,0.1860524826,92,75,79,17,,50,,
028,06,0.104545381,0.2253489364,0.1857389016,0.1857389016,91,112,74,18,,45,,
028,07,0.1314647333,0.2658012802,0.9385669147,0.1373130941,88,122,73,16,,45,,
029,02,1.406861114,1.506427371,0.7028245545,0.2476047652,99,365,46,21,,50,,
029,03,1.723826159,1.723826159,0.2268413233,0.2268413233,97,345,54,22,,50,,
029,08,1.412071956,1.509396168,0.7058577739,0.2565148887,95,201,53,17,,50,,
029,09,1.80289115,1.696036409,0.6528147778,0.2473636041,54,206,55,19,,50,,
029,11,1.870386409,1.92508,0.6478832793,0.2458111795,100,220,57,14,,50,,
029,12,2.036572548,1.90531539,0.6827485106,0.26244651,85,154,58,21,,50,,
029,12,2.014516541,1.887465399,0.6556964767,0.2447510804,85,153,73,20,,50,,
029,13,2.017276938,2.169473396,0.6919584602,0.2544222914,98,298,61,27,,50,,
029,14,1.242574356,1.479063618,0.7403338913,0.2433803632,82,46,72,18,,50,,
029,14,1.705156719,1.830507724,0.7835040606,0.2491469581,99,51,78,15,,50,,
029,14,1.366233317,1.44978648,0.6656561429,0.2762693282,100,34,74,32,,50,,
029,14,0.712446,1.378436503,0.712446,0.2445375354,99,58,72,5,,50,,
029,14,1.079333289,1.064057866,0.7200838043,0.2474271771,89,85,66,14,,50,,
029,14,1.776069297,1.370548553,0.7652513684,0.2747743258,92,62,79,18,,50,,
029,14,1.051317152,1.013143042,0.7378526809,0.2031345924,81,71,65,17,,50,,
029,14,1.732555033,1.65070024,0.6822760323,0.2589203859,84,59,75,14,,50,,
029,15,1.273945791,1.283221176,0.7581870787,0.2404779345,88,320,55,26,,50,,
029,16,2.592081011,2.861218247,0.6547267174,0.2541406015,100,206,53,12,,50,,
029,21,1.654563339,2.075211998,0.6845493966,0.2211992471,69,214,61,19,,50,,
030,01,0.946886125,1.069830002,0.6950986301,0.2136398983,,,,,,45,too short,
030,01,1.179608756,1.142735751,0.6482020476,0.2475711423,79,82,73,18,,45,,
030,01,1.156941882,1.338061832,0.5953099714,0.2133228956,89,35,89,32,,45,,
030,01,1.663900146,3.131514718,0.6676325,0.2464745634,97,48,88,14,,45,,
030,07,1.101272808,1.216348995,0.659211876,0.2403311526,77,96,66,10,,45,,
030,12,0.2293428662,0.3630414433,0.9190539114,0.1680701701,86,56,70,23,,45,,
030,14,0.1327597027,0.2525489918,0.9129341579,0.1726682847,,,,,,45,too short ,
030,14,0.1546037647,0.2289492583,0.8923106667,0.1824949241,,,,,,45,too short ,
030,14,0.12345784,0.2340864149,0.8659539231,0.214052009,,,,,,45,too short ,
032,07,0.093864,0.193833,0.946014,0.140054,97,266,55,20,,50,,
032,10,0.054207,0.10639,0.978177,0.072013,97,202,58,14,,50,,
033,06,0.066291,0.165755,0.974028,0.101013,80,115,65,29,,50,,
033,10,0.074837,0.211941,0.974128,0.085243,81,135,64,22,,50,,
033,18,0.09673,0.20525,0.939483,0.14134,94,166,71,16,,50,,
034,16,0.063282,0.161135,0.978258,0.080413,97,70,76,9,,60,,
034,06,0.102902,0.207659,0.975803,0.111155,82,86,67,21,,60,,
034,07,0.087393,0.22234,0.975317,0.096708,77,179,53,21,,60,,
034,10,0.083304,0.23018,0.965639,0.108761,95,217,50,16,,60,,
034,18,0.096067,0.226926,0.959161,0.10714,87,134,63,24,,60,,
035,06,0.082044,0.197477,0.957794,0.126514,59,171,58,18,,50,,
035,07,0.073116,0.176581,0.957918,0.096163,88,164,65,17,,50,,
035,18,0.098155,0.200134,0.93379,0.149563,63,171,61,15,,50,,
036,07,0.073115,0.176581,0.962465,0.092683,99,223,54,17,,60,,
036,18,0.079671,0.200051,0.960757,0.098976,99,201,61,16,,60,,
036,21,0.066962,0.193946,0.984054,0.063428,87,166,65,28,,60,,
036,10,0.063544,0.178812,0.966951,0.108898,86,127,59,23,,60,,
038,06,0.162391,0.268054,0.968376,0.099418,88,137,64,16,,65,,
038,07,0.076929,0.142245,0.960151,0.117487,84,140,65,16,,65,,
038,07,0.104367,0.247185,0.967607,0.101145,68,115,66,24,,65,,
038,14,0.127207,0.259621,0.938501,0.140311,96,152,64,21,,65,,
038,18,0.190421,0.293469,0.948794,0.135941,72,100,71,8,,65,,
038,18,0.177886,0.273727,0.951473,0.137414,89,176,59,16,,65,,
038,18,0.071692,0.180751,0.961514,0.099358,87,89,73,22,,65,,
039,02,0.1229572351,0.2878411061,0.9373464301,0.1436187241,,,,,,55,lack of audio,
039,02,0.1198648214,0.2131414109,0.09223581487,0.09223581487,,,,,,55,lack of audio,
039,02,0.1491983556,0.2995645134,0.9372053425,0.1396583462,,,,,,55,lack of audio,
039,03,0.1196805879,0.2560543436,0.9496512459,0.113253602,,,,,,55,lack of audio,
039,05,0.107413993,0.4669813165,0.9374237083,0.1472236164,,,,,,55,lack of audio,
039,07,0.2365080468,0.4459374547,0.9341525241,0.1483942976,,,,,,55,lack of audio,
039,14,0.2237007727,0.4001536281,0.9222059435,0.1465110271,100,456,46,22,,55,,
039,14,0.2333448517,0.4184370083,0.922635868,0.1609532399,80,143,57,20,,55,,
039,16,0.2366274778,0.469036828,0.9430742038,0.1407616231,100,648,41,22,,55,,
040,12,1.493228909,1.493228909,0.8318338235,0.226210262,,,,,,55,too short,CANNOT extract full text of audio
040,12,2.031261769,2.172507461,0.5768352143,0.2733891952,,,,,,55,too short,CANNOT extract full text of audio
040,12,2.2022932,1.33019227,0.825611125,0.2448782454,,,,,,55,too short,CANNOT extract full text of audio
040,12,1.170423333,1.518324846,0.88775225,0.2244955,,,,,,55,too short,CANNOT extract full text of audio
040,12,1.034283286,0.9025876858,0.907859375,0.2085539526,,,,,,55,too short,CANNOT extract full text of audio
040,12,2.041606067,1.746609805,0.5287849375,0.2699784599,,,,,,55,too short,CANNOT extract full text of audio
040,12,2.33343825,0.8718217341,0.7637708,0.2261302375,,,,,,55,too short,CANNOT extract full text of audio
040,14,0.8901134615,0.6768927623,0.8806558571,0.2008161037,,,,,,55,too short,CANNOT extract full text of audio
040,14,0.985812875,0.9304982718,0.77431676,0.2295534381,,,,,,55,too short,CANNOT extract full text of audio
040,14,1.109225811,1.037554777,0.7269724737,0.2605997503,,,,,,55,too short,CANNOT extract full text of audio
040,14,2.728537944,2.788826367,0.6141234324,0.2341858449,,,,,,55,too short,CANNOT extract full text of audio
040,14,1.547598182,1.423807986,0.7358780882,0.2513470862,,,,,,55,too short,CANNOT extract full text of audio
040,14,1.71116648,1.284973944,0.6720519615,0.3097112212,,,,,,55,too short,CANNOT extract full text of audio
040,14,2.006554964,1.818524308,0.6291046552,0.2584431357,,,,,,55,too short,CANNOT extract full text of audio
040,16,3.005572924,3.271975035,0.6779891,0.2322762152,,,,,,55,too short,CANNOT extract full text of audio
042,03,0.2191557021,0.3881550486,0.8936084424,0.1871092417,56,115,64,11,,40,,
042,06,0.1839451915,0.2810808781,0.8700143151,0.1902832945,94,56,71,18,,40,,
042,08,0.1619075576,0.2615743131,0.9066648444,0.1767575009,98,149,65,11,,40,,
042,08,0.1967757248,0.2884223678,0.8952449364,0.1730342319,85,83,70,10,,40,,
042,08,0.8852012735,0.1864079521,0.2383530776,0.4088021807,68,42,83,11,,40,,
042,08,0.160990728,0.2739464134,0.8888251032,0.1749294381,79,45,69,10,,40,,
042,08,0.1890122024,0.3266533403,0.9143024451,0.1694521744,79,51,76,23,,40,,
042,12,0.3169184981,0.1855059509,0.904850549,0.1645131823,92,110,63,10,,40,,
042,12,0.124307035,0.2246931233,0.9119617164,0.1665152403,90,84,69,5,,40,,
042,13,0.17540385,0.324312453,0.918857914,0.1618635084,92,77,75,16,,40,,
042,16,0.1864629633,0.3515319733,0.8810802259,0.1865109035,,,,,,40,too short,
042,18,0.1759796622,0.290256207,0.9230880314,0.1615002192,48,106,78,13,,40,,
042,18,0.1759946531,0.2662359824,0.8926587017,0.1791684232,83,81,75,13,,40,,
043,02,0.1267208645,0.313070127,0.9381960378,0.1384348462,99,345,50,21,,50,,
043,12,0.08358232832,0.1882774241,0.9348706475,0.143535467,98,349,48,13,,50,,
043,13,0.1125702156,0.2540956661,0.9139030623,0.1582111466,99,299,51,16,,50,,
043,18,0.1282046359,0.2934137122,0.9192439892,0.160741339,68,318,47,13,,50,,
044,03,3.625933135,2.892479339,0.5918290943,0.2331316138,68,163,66,15,,45,,
044,05,1.514619628,1.476832597,0.7267987158,0.2571019068,96,160,56,20,,45,,
044,11,2.467051286,1.678735867,0.643927,0.2716030948,59,205,57,23,,45,,
044,13,0.1448439185,0.2625180875,0.9410888216,0.1366589578,90,188,57,15,,45,,
044,16,1.818408902,1.734986952,0.6707091828,0.2755794686,100,248,51,20,,45,,
044,18,1.866945438,1.387703731,0.7145662432,0.2504811991,86,155,68,22,,45,,
046,09,0.2947640345,0.4978662953,0.9335712551,0.1457471107,81,453,41,19,,55,,
046,12,0.230105924,0.383419244,0.9322262035,0.1523040963,77,152,55,14,,55,,
046,12,0.185514652,0.3083334655,0.9397655463,0.1398619777,55,203,46,20,,55,,
046,18,0.1693061507,0.2858817995,0.9221355409,0.16135719,99,212,50,23,,55,,
047,03,2.523430645,2.508580751,0.6379454286,0.2668588557,72,173,62,17,,55,,
047,04,0.1147255862,0.2831609081,0.9503551136,0.123567424,78,81,74,15,,55,,
047,13,0.1098462148,0.2354981767,0.9057184133,0.1667799123,53,124,66,16,,55,,
047,18,0.1039037278,0.1979192708,0.9008646604,0.1746821003,62,126,61,13,,55,,
048,12,0.2469616139,0.535142823,0.9320236552,0.1447324464,95,198,51,21,,50,,
048,16,0.3462491778,0.7375325345,0.9434217403,0.1400885607,53,153,52,20,,50,,
048,17,2.162993162,2.954449794,0.64195104,0.2569551332,79,170,54,16,,50,,
049,02,0.1840659512,0.2960911687,0.9421399818,0.1322009422,87,159,65,20,,45,,
049,11,0.2641603439,0.4196761998,0.9517465886,0.1236974171,97,69,77,17,,45,,
049,12,0.1190329581,0.2162436663,0.9532920952,0.1255421132,95,163,66,16,,45,,
050,14,0.05193622222,0.09504828075,0.9772754909,0.08813079709,62,43,65,11,,55,,
050,14,0.05138222222,0.09401037291,0.9771712182,0.08827520598,78,40,73,31,,55,,
050,14,,,,,79,60,70,17,,55,,
050,14,,,,,84,46,89,15,,55,,
050,14,,,,,96,30,73,9,,55,,
050,10,0.08439937569,0.1670281209,0.9226309835,0.1524437913,77,171,64,21,,55,,
050,10,,,,,46,40,78,29,,55,,
050,10,,,,,96,39,87,15,,55,,
050,10,,,,,98,37,70,8,,55,,
050,9,0.07271871892,0.1454794882,0.9315659624,0.1444027646,69,184,64,25,,55,,
050,3,0.07790713453,0.1419903465,0.9399218393,0.1328756888,57,176,66,20,,55,,
050,3,0.07790928251,0.1419917243,0.9396116786,0.13388109,93,40,83,18,,55,,
050,3,,,,,95,32,91,21,,55,,
050,3,,,,,,,,,,55,too short,
050,2,0.09903389434,0.1907574003,0.9309060376,0.1480006786,78,53,79,21,,55,,
050,2,0.0744932,0.1171801477,0.9329282826,0.1243641516,73,43,86,16,,55,,
050,2,0.1481985484,0.2160993897,0.9545009375,0.151244829,82,62,76,26,,55,,
050,2,0.09903397358,0.1907573857,0.9301391128,0.1499301873,81,211,63,20,,55,,
050,7,0.1079842675,0.05855774,0.9140234118,0.1607777102,86,157,62,21,,55,,
050,7,0.06319148936,0.1105344012,0.9715653542,0.1015512525,92,64,80,24,,55,,
050,7,0.1030994208,0.2284657487,0.8937290654,0.1811655058,91,50,82,15,,55,,
050,15,0.1117168051,0.2133432318,0.9140600612,0.1639031439,77,38,92,14,,55,,
050,15,,,,,,,,,,55,too short,AU05015(3)
050,15,,,,,93,195,66,22,,55,,
050,17,0.07843096333,0.1524191707,0.9260033156,0.1601736006,99,274,62,24,,55,,
051,13,0.15612625,0.3232016514,0.9434400933,0.1277249841,,,,,,55,lack of audio,
051,03,0.1257543288,0.2800812787,0.9468482955,0.135804439,98,188,65,24,,55,,
051,03,0.1257543288,0.2800812787,0.9468482955,0.135804439,97,199,67,26,,55,,
052,14,0.4167954,0.5995058303,0.7822885686,0.221179463,100,37,89,9,,,,
052,14,0.3643406098,0.5158503676,0.768655747,0.2252204333,71,47,70,18,,,,
052,14,0.6997667632,0.7484862399,0.7458036667,0.2231298721,88,63,75,4,,,,
052,14,0.6463972143,0.7232287091,0.7498215814,0.2491991452,91,44,89,26,,,,
052,14,0.620489,0.7262151305,0.7228994,0.2098259938,99,64,72,15,,,,
053,02,0.1873063333,0.3436109566,0.9170250043,0.1639577728,79,75,68,18,,55,,
053,02,0.2204305611,0.3457847556,0.916320009,0.1656459784,97,62,74,15,,55,,
053,03,0.1695228204,0.2685241501,0.9247815976,0.1428455944,87,43,81,17,,55,,
053,03,0.2114136639,0.3808556052,0.9103041143,0.1698645475,,,,,,55,too short,
053,07,0.2211679699,0.3784180562,0.907907888,0.1630247508,82,85,79,10,,55,,
053,07,0.1601078683,0.2679416918,0.9167959959,0.1624104595,100,89,65,14,,55,,
053,09,0.1859338738,0.3121482572,0.9458563478,0.1361131957,97,77,69,9,,55,,
053,10,0.2378821646,0.3779791441,0.9080884057,0.1696316325,81,46,89,12,,55,,
053,11,0.2121817471,0.342558287,0.9428165965,0.13007734,65,35,80,29,,55,,
053,13,0.1742468688,0.2989641311,0.9077096532,0.1701445036,,,,,,55,lack of audio,
053,15,0.2379707533,0.3717161129,0.913370309,0.1616960762,96,46,74,9,,55,,
053,15,0.1742468688,0.2989641311,0.9077096532,0.1701445036,94,84,75,13,,55,,
053,17,0.2878176327,0.5205571018,0.84036732,0.201502536,,,,,,55,too short,
053,17,0.1524515042,0.3172881958,0.9348939212,0.5205571018,75,73,75,13,,55,,
054,14,0.1174242509,0.3949722776,0.9192205652,0.1600440033,98,220,53,17,,60,,
054,10,0.1144135031,0.3424126485,0.9510752709,0.1248772242,99,754,43,21,,60,,
054,9,0.1247282825,0.5140300267,0.9308241764,0.1496566061,98,525,46,19,,60,,
054,3,0.08758818605,0.2462162619,0.9459842973,0.1411322872,79,149,66,18,,60,,
054,17,0.9399834343,0.2989603816,0.9399834343,0.1531236721,95,135,73,26,,60,,
054,2,0.1765954726,0.4497677524,0.9225446211,0.1580672428,96,369,51,21,,60,,
054,7,0.1279065532,0.4175688489,0.9397051917,0.1398070881,99,274,57,18,,60,,
054,15,0.1076424135,0.3129030154,0.9364230889,0.1435578135,99,227,63,20,,60,,
055,14,0.05249329412,0.1316084628,0.95825725,0.1116676644,,,,,,55,too short,
055,14,0.0444867381,0.119604986,0.9562485349,0.1225925348,,,,,,55,too short,
055,14,0.05250215686,0.1316055065,0.9579808846,0.1127622022,,,,,,55,too short,
055,14,0.04448554762,0.1196054037,0.956870093,0.121351529,82,35,63,23,,55,,
055,10,0.08970209,0.2408497907,0.969849297,0.09342150825,,,,,,55,too short,
055,11,0.0581342381,0.1142227524,0.9469346512,0.1404388863,,,,,,55,too short,
055,10,0.0546902439,0.1301249666,0.9715330238,0.1069895941,,,,,,55,too short,
055,11,0.05412736364,0.1361655052,0.9818312667,0.06023224969,,,,,,55,too short,
055,9,0.07649640541,0.1780745048,0.9656142133,0.1079755758,54,65,69,20,,55,,
055,9,0.05423247727,0.1600856225,0.9658399551,0.1047916753,,,,,,55,too short,
055,9,0.04630609091,0.1186492114,0.9840607692,0.06512370724,,,,,,55,too short,
055,3,0.04666334043,0.1017840583,0.9557256042,0.1049324369,,,,,,55,too short,
055,3,0.0412375,0.1032132142,0.9439943556,0.1342368245,,,,,,55,too short,
055,3,0.03988293182,0.1031498086,0.9442744444,0.1334525498,,,,,,55,too short,
055,17,0.08987563636,0.1837021871,0.9312918315,0.1663912252,73,59,68,18,,55,,
055,15,0.07152869048,0.1444777393,0.9604066047,0.1097780699,,,,,,55,too short,
055,7,0.07711119753,0.1366930414,0.9693771829,0.09994377369,,,,,,55,too short,
055,7,0.2246481921,0.05343379412,0.9856146,0.08510517411,,,,,,55,too short,
055,15,0.1164107561,0.2935496546,0.9485018387,0.1321234685,,,,,,55,too short,
055,15,0.2185147719,0.08793693023,0.9469141445,0.2935496546,91,98,73,11,,55,,
057,03,0.1573956407,0.4690712006,0.9442351373,0.1344002598,95,259,59,18,,60,,
057,03,0.1265464981,0.2356793646,0.9553308444,0.1248766691,95,307,52,18,,60,,
057,09,0.1106827785,0.2184838943,0.9370797331,0.1413650429,98,219,58,20,,60,,
057,09,0.1617997826,0.3653072756,0.93073192,0.1568621098,82,252,55,22,,60,,
057,10,0.1513819593,0.2915714793,0.9432515838,0.13385498,84,176,66,24,,60,,
057,11,0.1482379822,0.3115409097,0.952764646,0.121633315,55,180,58,17,,60,,
057,14,0.1356714109,0.3320056955,0.9451984881,0.1334083767,100,383,52,18,,60,,
057,17,0.2765744487,0.4201555955,0.9352291646,0.152589402,73,66,74,24,,60,,
057,17,0.09872545778,0.1926026911,0.9387303717,0.1482897634,98,211,49,12,,60,,
102,6,1.368709611,1.713657407,0.7240377912,0.2454059162,95,183,60,17,,65,,
102,14,1.184985483,1.119353018,0.7223950168,0.2402166718,90,182,59,22,,65,,
102,5,1.427907412,1.714041587,0.6767072083,0.2402780639,76,188,57,16,,65,,
102,4,1.465126574,1.58510182,0.685207156,0.24648565,99,196,55,21,,65,,
102,2,1.776895286,1.938687951,0.6254631493,0.2405373026,99,266,49,18,,65,,
102,2,1.546516846,1.702888331,0.7110247107,0.2390625681,100,445,49,28,,65,,
102,16,1.309946982,1.470761996,0.6878019381,0.2561556545,89,487,43,22,,65,,
102,16,1.419127141,1.621176478,0.7111518624,0.2430992687,86,182,59,16,,65,,
102,2,1.628331386,1.461882054,0.6800625,0.2526355871,86,150,58,20,,65,,
102,2,1.385146341,1.443960034,0.6885089186,0.2447261942,99,321,52,17,,65,,
102,20,2.12119409,1.895067727,0.6530161348,0.2508629803,82,547,44,25,,65,,
103,14,0.2136960395,0.4088592493,0.9654822876,0.1077459912,100,402,44,20,,55,,
103,5,0.182001135,0.3322515007,0.9692992855,0.1065212654,96,505,38,22,,55,,
103,2,0.2676684706,0.4946251773,0.961295184,0.119163255,100,636,35,22,,55,,
103,2,0.2199977834,0.4191590518,0.9715156334,0.09927899704,98,193,58,20,,55,,
103,16,0.2128201765,0.3950386341,0.9767962623,0.08505705211,99,223,52,16,,55,,
103,1,0.2411335984,0.4390646992,0.9747750584,0.09512302436,98,338,40,13,,55,,
103,20,0.233934553,0.4367768037,0.9767691139,0.09242785214,99,257,49,20,,55,,
105,16,0.2190186051,0.3383901119,0.9447644184,0.1292963455,47,91,71,17,,55,,
105,16,0.2722068583,0.4367095741,0.9519170847,0.3383901119,69,88,75,9,,55,,
106,6,0.1546727018,0.308678781,0.9291338348,0.1579027025,85,119,64,21,,60,,
106,14,0.2505436512,0.4654415905,0.9510486769,0.1239060678,51,93,66,20,,60,,
106,5,0.2066326905,0.3174324746,0.9514372779,0.1308456196,96,370,46,16,,60,,
106,2,0.218919407,0.3327325121,0.9221145434,0.1636961201,99,260,51,17,,60,,
106,2,0.2446162136,0.3595770087,0.9431338955,0.1353058717,78,147,53,24,,60,,
106,2,0.2940356625,0.4557557122,0.9371441118,0.1505509343,99,438,46,27,,60,,
106,2,0.2100762463,0.3123821636,0.9486007457,0.1324012287,99,306,55,20,,60,,
106,16,0.400871661,0.2810717443,0.9391796129,0.1446443064,99,268,54,18,,60,,
106,16,0.1546086938,0.2945708915,0.9532500667,0.1326269808,68,196,54,23,,60,,
106,16,0.2409167574,0.3474457989,0.9381627381,0.143253651,98,511,43,21,,60,,
106,2,0.2326484336,0.3544214761,0.9518493868,0.1277271958,86,136,58,15,,60,,
106,2,0.2108887262,0.4060919997,0.9354854303,0.1435512553,100,412,46,22,,60,,
106,1,0.1748930912,0.2925376087,0.9544437623,0.1175401138,100,565,44,19,,60,,
106,20,0.189755858,0.3340175044,0.9397310303,0.1377622487,100,587,49,25,,60,,
107,4,0.2311988852,0.3952511459,0.9440032205,0.133314551,96,541,42,21,,55,,
107,18,0.2300937864,0.3739985691,0.9485667262,0.1344032494,99,609,44,25,,55,,
108,14,0.2986432285,0.4587880288,0.9309274016,0.1551323981,100,430,45,22,,50,,
108,4,0.1881659025,0.319206355,0.9622432023,0.1148052356,100,509,47,22,,50,,
108,2,0.2362962383,0.3799201911,0.9263400722,0.1556947688,72,171,65,14,,50,,
108,18,0.1749480677,0.2926072904,0.9306010984,0.1507906508,88,192,53,15,,50,,
108,2,0.2389734561,0.3696061435,0.9370156977,0.1507202787,92,152,68,16,,50,,
108,16,0.1843641865,0.3316918134,0.9454320155,0.1262872546,79,175,66,22,,50,,
108,16,0.3663648634,0.5401369141,0.911753293,0.1695831693,100,397,44,19,,50,,
108,2,0.1749480677,0.2926072904,0.9306010984,0.1507906508,87,162,73,22,,50,,
109,14,0.184713958,0.4309561811,0.9641896247,0.1122974249,99,277,49,21,,65,,
109,14,0.14274945,0.3391739318,0.9646725364,0.1050994418,100,439,47,21,,65,,
109,14,0.1849864397,0.4366107525,0.975638364,0.0931503402,99,216,49,15,,65,,
109,5,0.183003103,0.3702925456,0.9601029338,0.1131135151,99,267,50,16,,65,,
109,4,0.1710706677,0.3547638252,0.964155675,0.114389113,100,278,46,16,,65,,
109,2,0.2301998692,0.4028422473,0.9587481106,0.114397356,99,241,49,12,,65,,
109,18,0.2461737106,0.4539174469,0.9533453358,0.1245596892,99,273,42,12,,65,,
109,18,0.1913778986,0.3785130063,0.9682626065,0.1037780229,99,248,52,9,,65,,
109,5,0.2600624052,0.5128803465,0.9579008368,0.1092743926,99,346,47,23,,65,,
109,2,0.2211810039,0.3909441554,0.9531289845,0.12615185,100,202,55,16,,65,,
109,16,0.1966532641,0.3537684095,0.9552359009,0.1196194125,99,228,48,19,,65,,
109,16,0.2049007366,0.3867030959,0.9538176976,0.1182253807,100,453,38,14,,65,,
109,2,0.1933916934,0.3416408559,0.9626691018,0.1151215825,90,598,39,23,,65,,
109,2,0.2148177439,0.3723777921,0.9689440648,0.1034114151,99,239,55,21,,65,,
109,1,0.2673870516,0.4352163723,0.9738930981,0.0924147629,99,211,51,11,,65,,
109,1,0.204065875,0.4302057339,0.9652707236,0.1055707399,99,315,46,22,,65,,
109,2,0.4909981364,0.2436823684,0.9597385202,0.1171048912,99,281,52,22,,65,,
109,7,0.1883896856,0.3916166008,0.9700447622,0.09620382818,100,346,40,15,,65,,
109,20,0.1698354464,0.3260831401,0.9777213787,0.08356559545,76,189,50,16,,65,,
109,20,0.1834858191,0.3624548514,0.9547745876,0.1191363684,99,325,43,16,,65,,
110,14,1.635280329,1.754963446,0.6996014727,0.2550815689,99,514,38,19,,55,,
110,4,1.198271851,1.130399591,0.6658041823,0.2512245963,99,328,42,22,,55,,
110,18,0.8334461958,1.14486551,0.7441735,0.2361092842,64,222,44,9,,55,,
110,18,1.276131222,1.332421787,0.739684116,0.2387411401,99,216,50,19,,55,,
110,18,1.030825829,1.162186628,0.7584685308,0.2516512108,69,172,51,18,,55,,
110,2,0.1632866939,0.3057171862,0.9536607014,0.119780571,100,501,43,20,,55,,
110,16,1.162720067,1.222382807,0.6941343675,0.2421217226,98,537,36,21,,55,,
110,2,1.372531396,1.50796392,0.6942491433,0.2515941158,100,518,35,19,,55,,
110,1,0.1585764101,0.3200016167,0.9548850542,0.1193653716,100,510,37,12,,55,,
110,6,0.1011299167,0.1810907265,0.9179435083,0.1652317093,99,102,64,11,,55,,
110,17,0.1463858524,0.29212361,0.9536822343,0.1217085435,99,809,30,15,,55,,
124,18,0.3648795463,0.1734594069,0.9526368425,0.1202488006,86,125,60,16,,55,,
124,5,0.1713028947,0.3091236192,0.9648344555,0.0913051526,69,163,61,23,,55,,
124,13,0.1181405495,0.2523759415,0.9666427143,0.1023431926,76,92,62,19,,55,,
124,10,0.2258579702,0.2258579702,0.918845568,0.1619574419,43,118,58,17,,55,,
127,7,0.137547,0.3779025231,0.9661307733,0.09293041984,95,169,63,18,,,,
127,7,0.216296828,0.4873150003,0.951332943,0.1208899267,87,57,75,16,,,,
127,7,0.1647513028,0.2633030754,0.9183092877,0.1653093202,92,121,69,20,,,,
129,1,2.056546284,1.99538151,0.7106175,0.2173693067,,,,,,55,,
129,3,1.810467151,1.785429678,0.6518686702,0.2414897532,,,,,,55,,
129,7,2.74980809,3.36032606,0.6766251471,0.2180913431,,,,,,55,,
130,7,0.1126807133,0.2429452729,0.9574005562,0.1162470214,100,723,36,24,,60,,
130,11,0.0879398736,0.2615685144,0.9475222213,0.1365574665,100,403,51,19,,60,,
130,3,0.1067167623,0.2669367035,0.9546947688,0.1183521148,98,237,57,21,,60,,
130,16,0.1371395576,0.330844498,0.95409,0.1207864995,92,337,53,15,,60,,
130,5,0.1127967442,0.2567158631,0.9562341792,0.1138913706,99,453,49,20,,60,,
130,13,0.1092174627,0.2531677825,0.9542246484,0.1234042799,83,398,48,17,,60,,
131,11,0.1587326066,0.3281697889,0.931866379,0.147826137,99,248,58,17,,55,,
131,14,0.1044136667,0.2790829413,0.9411805414,0.1327893174,89,128,68,26,,55,,
132,7,0.2829569833,0.602565013,0.9779299067,0.08666667157,97,285,51,23,,65,,
132,7,0.2115511237,0.4228759886,0.9646296364,0.1113086339,56,164,58,22,,65,,
132,1,0.2040342737,0.4193411333,0.9793957457,0.08417527471,100,545,44,24,,65,,
132,7,0.2326612268,0.4908874299,0.9511784256,0.1283972341,96,152,64,13,,65,,
132,16,0.1472959784,0.2871515707,0.965541129,0.1119779606,82,147,66,18,,65,,
132,6,0.1893942291,0.3927598261,0.98211795,0.07649735673,76,87,60,13,,65,,
132,6,0.1826243824,0.3628100818,0.9682523285,0.1104096371,91,158,54,19,,65,,
132,16,0.1754663356,0.3445159133,0.9533524992,0.1283313322,100,501,54,34,,65,,
132,16,0.1495903523,0.3216000443,0.9614901135,0.1138339653,95,356,55,28,,65,,
133,7,0.1738050605,0.5546376601,0.9720510925,0.09643327609,98,716,40,21,,65,,
134,9,0.220426936,0.3964068975,0.9606279422,0.1162488378,56,160,54,18,,55,,
134,10,0.193784,0.3933387596,0.9565394,0.117464241,83,198,50,16,,55,,
134,3,0.1399206714,0.3460734997,0.9441185592,0.1323980575,,,,,,55,too short,
150,11,1.05723306,0.9495712839,0.7215665119,0.2575605003,87,109,68,22,,55,,
153,1,0.1199804675,0.3425859341,0.9438169402,0.140690098,98,517,51,23,,70,,
154,3,0.1461088795,0.2947155994,0.9325443273,0.1467096354,100,276,60,19,,65,,
154,5,0.2452541101,1.03067451,0.959191,0.1172493045,99,259,63,26,,65,,
154,6,0.2702184515,0.915144792,0.9672226161,0.1090723824,100,567,39,18,,65,,
154,7,0.1789480614,0.5388952667,0.960583485,0.1157266091,84,524,51,25,,65,,
156,1,0.1189586948,0.2279865214,0.9401203812,0.1395817897,100,438,46,17,,55,,
156,3,0.1107296983,0.2232342389,0.9239571238,0.1597787126,99,350,50,22,,55,,
156,8,0.102146339,0.2065184927,0.9420921411,0.1361262693,93,362,53,19,,55,,
156,20,0.1004056588,0.2199152371,0.9365539778,0.1376434897,100,666,43,21,,55,,
156,13,0.1200064133,0.2301964366,0.9380979491,0.1453879354,99,319,51,20,,55,,
156,2,0.09780316585,0.2423403056,0.9518771509,0.1299828494,100,417,48,17,,55,,
156,2,0.1266323427,0.2852315473,0.9441120946,0.1308726917,95,351,48,20,,55,,
156,14,0.09187094692,0.213406765,0.9486643581,0.1225131424,100,414,51,17,,55,,
156,15,0.1191740393,0.263066034,0.9331718873,0.15035731,99,298,55,18,,55,,
157,14,0.06748040719,0.1878642213,0.9579153274,0.1134977534,73,173,68,15,,55,,
158,11,0.08110200997,0.168525559,0.9227951066,0.1606058251,100,845,45,22,,50,,
159,1,0.1637285714,0.3895883877,0.9263228346,0.1487562974,95,33,76,16,,50,,
159,1,0.2069345241,0.4078094256,0.8969519309,0.1858522669,77,76,66,4,,50,,
159,1,0.1667691702,0.3841193705,0.9156660169,0.1629666484,82,61,85,12,,50,,
160,2,0.1182856571,0.2313449968,0.9607681944,0.1289759191,99,248,44,7,,60,,
160,2,0.1462348187,0.3351637687,0.9653595058,0.1070228144,52,147,59,17,,60,,
160,2,0.1859158606,0.3598963018,0.9619394792,0.1070850686,,,,,,60,too short,
161,1,0.1117465716,0.2721620705,0.9457615822,0.1360264476,100,561,47,24,,60,,
161,3,0.1165445507,0.2799586969,0.9655283698,0.1027497303,99,472,51,18,,60,,
161,13,0.1113622556,0.3299396919,0.9623930803,0.1116098522,99,331,61,23,,60,,
163,01,0.1090576435,0.3205602048,0.9539200077,0.1248188868,81,168,72,27,,60,,
163,12,0.08979970977,0.2470972689,0.9505362665,0.1260331529,80,128,74,22,,60,,
163,16,0.07905808704,0.2041319035,0.9482657098,0.1298721424,88,142,68,15,,60,,
164,16,0.2145435872,0.4764688282,0.9711261569,0.09241344003,100,405,48,13,,55,,
164,13(3),0.2508696095,0.5117309799,0.8884665377,0.1848848025,,,,,,55,CANNOT extract full text of audio,
164,13(2),0.2325650777,0.37944414,0.9078853093,0.1717767153,,,,,,55,CANNOT extract full text of audio,
164,13(1),0.1358448712,0.2459831435,0.9366415188,0.1481748549,,,,,,55,CANNOT extract full text of audio,
164,12(2),0.1916959397,0.4480041473,0.9173770598,0.1675602285,70,101,68,19,,55,,
164,14(2),0.1921548448,0.3606050636,0.9717405593,0.08529034066,62,68,75,12,,55,,
164,14(1),0.2454014026,0.5250947006,0.952578641,0.1239923898,81,66,77,6,,55,,
164,12(1),0.1291713864,0.2721446667,0.9397632222,0.1617567999,86,43,86,14,,55,,
164,01(2),0.1586540043,0.3654014167,0.9426232553,0.142186581,89,232,66,15,,55,,
164,01,0.1422588592,0.2937046091,0.9288089649,0.1431873607,98,241,55,20,,55,,
165,14(4),0.1803539504,0.4235706229,0.954210669,0.1263356751,51,126,62,26,,55,,
165,14(3),0.1585669432,0.3301774066,0.9458009391,0.1262129746,74,177,55,19,,55,,
165,14(1),0.1982759102,0.4204368647,0.9669006504,0.10115299,97,225,56,11,,55,,
165,14(2),0.1601540384,0.3477629204,0.9466006053,0.1312595309,100,388,47,20,,55,,
165,13,0.1676058457,0.3942694342,0.9644589894,0.09878676422,84,83,69,19,,55,,
165,13(2),0.185774368,0.3559982343,0.9686627716,0.09986533748,77,142,61,17,,55,,
166,12,0.0798151196,0.2062799179,0.9516210522,0.1277562387,95,567,50,18,,60,,
166,14(1),0.1291980933,0.2331371367,0.9483974172,0.1327295981,82,148,57,10,,60,,
166,14(2),0.1163853598,0.2241071077,0.9521998372,0.1287425559,95,198,51,8,,60,,
166,14(3),0.09439752404,0.1729625998,0.9268006029,0.1474465669,70,72,68,8,,60,,
166,14(3)(1),0.1482392837,0.2882258149,0.9665558241,0.09331691688,78,186,47,10,,60,,
167,05(2),0.1298787483,0.2961848186,0.97160225,0.1002970527,72,114,68,26,,65,,
167,07,0.594777185,0.770931967,0.798227366,0.2235592124,99,364,55,24,,65,,
167,18(1),0.9761303046,1.090822732,0.7196869596,0.2560421883,99,249,50,20,,65,,
167,18(2),0.7272562308,0.8997881362,0.7716039299,0.2234456778,88,168,51,16,,65,,
167,16,0.7341415283,0.7336764017,0.7827047559,0.2365178983,95,262,49,19,,65,,
167,12(1),0.9542332131,0.9966804881,0.7182611613,0.2602790181,82,78,76,20,,65,,
167,12(2),0.6981597368,0.8286959831,0.771950974,0.2093684623,57,94,69,15,,65,,
167,12(3),0.7816289359,0.8282444821,0.7979500886,0.2312615189,75,81,64,15,,65,,
167,05,0.8584760254,1.044799753,0.7829002773,0.2258811539,51,111,67,20,,65,,
169,14,1.058991338,1.141813128,0.7274121279,0.2402049732,96,584,44,16,,55,,
169,01,0.8352402195,0.9214074005,0.7285892644,0.2369698552,95,306,48,21,,55,,
169,16,0.9273061696,0.9018197233,0.7498812965,0.2540560685,100,488,46,21,,55,,
169,06,0.9572980932,1.057911668,0.7481495021,0.2464275959,99,404,47,17,,55,,
169,16(1),0.889687429,0.9404994968,0.7307105754,0.2470453078,100,393,49,17,,55,,
169,13,0.8129670701,0.7700603545,0.7810747089,0.2470241413,98,263,50,25,,55,,
169,14(1),1.459889983,1.344076915,0.6851452572,0.2480061392,100,478,43,18,,55,,
169,10,0.976619493,0.9632428159,0.7392322849,0.2421813752,89,459,44,22,,55,,
170,02,0.1315152146,0.2658420213,0.9473971139,0.1397612977,82,145,62,18,,55,,
170,03,0.1381601133,0.3046356938,0.9292190109,0.1475268189,98,201,53,13,,55,,
170,06,0.1344499452,0.2864512425,0.9485442963,0.1262117857,97,423,44,18,,55,,
170,09,0.1187004081,0.2236658498,0.9429902667,0.1398854393,86,148,73,22,,55,,
170,10,0.1084674305,0.2159077519,0.9493435137,0.1288630024,98,250,53,22,,55,,
170,12,0.1641118532,0.2800979645,0.9505537898,0.1312850969,100,677,37,24,,55,,
170,14,0.1567880974,0.3196819546,0.9552927725,0.1193531599,100,568,48,23,,55,,
170,14(1),0.1693599843,0.3869067521,0.9443576529,0.138082483,98,478,48,24,,55,,
170,14(2),0.1022396278,0.2212216502,0.9359967179,0.1449077096,85,397,55,21,,55,,
170,16,0.1878839972,0.3691904099,0.9474460806,0.132346231,99,562,43,19,,55,,
170,18,0.1543569002,0.3122757901,0.933187717,0.1452771296,90,413,53,25,,55,,
171,05,0.06817214729,0.1486286368,0.9415243538,0.1342357303,84,137,69,23,,65,,
171,05(1),0.09555811538,0.1984422468,0.9570118046,0.1229092118,98,236,57,21,,65,,
171,06,0.07979347807,0.2034469165,0.9548525764,0.1212377799,98,285,57,16,,65,,
171,06(1),0.1342357303,0.311986998,0.9293310593,0.1499685614,98,201,65,18,,65,,
171,06(2),0.1325023007,0.3957364436,0.9484812648,0.1229686978,99,296,55,20,,65,,
171,06(3),0.1031267277,0.2481958813,0.9584358645,0.1156973361,68,59,86,14,,65,,
171,06(4),0.096796875,0.1977548534,0.9522919147,0.1348604619,85,98,68,15,,65,,
171,06(5),0.09978387273,0.2036277229,0.9489710361,0.1232805009,96,120,73,24,,65,,
171,06(6),0.09143731325,0.1858531661,0.9598598452,0.09198293895,78,78,79,18,,65,,
171,12,0.1311254799,0.3727271649,0.9633982807,0.1100258924,99,278,56,23,,65,,
171,12(1),0.1417987934,0.3909702555,0.9541309847,0.1218272299,97,359,53,21,,65,,
171,13,0.0866956943,0.1788172791,0.9684603299,0.09595246481,96,186,59,22,,65,,
171,13(1),0.1024880402,0.2947691425,0.955178124,0.1220581857,99,244,51,14,,65,,
171,13(2),0.07400519192,0.1526572818,0.9588891,0.1131645736,86,117,70,11,,65,,
171,14,0.07702773841,0.2288119562,0.950574703,0.1312038587,83,288,49,14,,65,,
171,16,0.08584068528,0.1828336762,0.941933702,0.1448556799,44,170,61,21,,65,,
171,16(1),0.12693325,0.311986998,0.9293310593,0.1499685614,98,253,57,21,,65,,
172,01,0.09047156849,0.2758847575,0.9756494626,0.09825094881,,,,,,65,too short,
172,01(1),0.1204895048,0.2619799765,0.9609720755,0.1053633201,,,,,,65,too short,
172,04,0.07136135185,0.1578146384,0.9775327455,0.0748280505,,,,,,65,too short,
172,05,0.1153817358,0.2914179497,0.9530196338,0.1242483719,,,,,,65,too short,
172,05(1),0.1251538852,0.4111777763,0.9824979238,0.07399801133,,,,,,65,too short,
172,10,0.06672321053,0.1733653172,0.9847447414,0.05930583316,,,,,,65,,
172,11,0.04233994231,0.1214308062,0.9419541887,0.1530327419,,,,,,65,,
172,12,0.1037828212,0.3483134673,0.9659829833,0.1046973317,,,,,,65,,
172,12(1),0.1002358214,0.2762221575,0.979131305,0.07745737815,,,,,,65,,
172,12(2),0.09110967935,0.2393822829,0.9677400108,0.107551116,,,,,,65,,
172,12(3),0.1359046936,0.4249801431,0.958923572,0.1129668293,,,,,,65,,
172,13,0.10867725,0.2878013692,0.9925888902,0.0449738623,,,,,,65,,
172,14,0.05361702128,0.1390249513,0.978015625,0.07361634868,,,,,,65,,
172,16,0.09640776404,0.2423574711,0.9640334749,0.1040177247,,,,,,65,,
172,16(1),0.07359527426,0.2423303915,0.9664910168,0.109647364,,,,,,65,,
172,17,0.047478,0.1268389139,0.9709497907,0.1045312623,,,,,,65,,
172,19,0.1294481905,0.4986114027,0.9765173964,0.09691783797,,,,,,,,
173,03,0.862495131,0.9215973901,0.745527087,0.2411603828,98,318,54,21,,55,,
173,03(1),0.6175726289,0.7553164309,0.794698976,0.225115279,98,319,57,22,,55,,
173,05,0.8157407664,0.9626411486,0.7739395016,0.2300965213,97,318,56,29,,55,,
173,06,0.8599218975,1.031365226,0.7475760704,0.2293652079,99,306,58,16,,55,,
173,06(1),0.9340044417,1.111972591,0.7373501723,0.2299481055,100,518,49,22,,55,,
173,07,0.9039696837,1.062363071,0.7237001578,0.2401556058,100,387,55,19,,55,,
173,09,1.3563325,1.351595193,0.7172381787,0.2384918514,99,305,61,26,,55,,
173,10,1.13440632,1.23885251,0.7108293154,0.2517890839,100,555,50,28,,55,,
173,10(1),0.9900830444,1.086769717,0.7206738895,0.2259538292,98,232,60,24,,55,,
173,12,0.6448595696,0.7903447241,0.7638950747,0.2393773534,99,534,45,22,,55,,
173,13,1.13440632,1.23885251,0.7108293154,0.2517890839,91,276,60,22,,55,,
173,14,0.9475057226,0.9418258542,0.7503277756,0.234688329,,,,,,55,,
173,14(1),0.8788010468,1.005482025,0.759968356,0.2298292139,100,563,51,22,,55,,
173,16,0.7351604903,0.8821003803,0.7631553181,0.2329300818,97,474,48,18,,55,,
173,16(1),0.7860079615,0.8639292003,0.7620238875,0.2262460435,98,422,56,26,,55,,
173,17,0.8487010472,1.098080907,0.7634419484,0.2225481822,99,258,61,26,,55,,
173,20,0.703061681,0.9249451842,0.7952975633,0.2269354131,99,471,50,23,,55,,
174,01,0.1856798462,0.3730106498,0.9653097879,0.104957572,100,362,50,21,,60,,
174,05,0.1852171536,0.3700853481,0.9485987069,0.1303203339,70,357,52,22,,60,,
174,06,0.1438522371,0.2914558855,0.9644323163,0.1056877438,,,,,,60,,
174,06(1),0.1634326155,0.3586031561,0.9626724419,0.116050933,100,417,54,19,,60,,
174,06(2),0.2219274762,0.40630227,0.9555553649,0.1282623863,80,177,54,7,,60,,
174,07,0.239666038,0.4265769178,0.93965695,0.1507033705,,,,,,60,,
174,10,0.1909964059,0.3809048472,0.9560856561,0.1182274837,100,354,54,23,,60,,
174,10(1),0.2014953471,0.4182889559,0.9481685937,0.1395694841,50,193,58,15,,60,,
174,11,0.2607885753,0.3975284938,0.9479425541,0.1300975846,,,,,,60,,
174,11(1),0.1798176804,0.3094175994,0.957535398,0.1235273537,,,,,,60,,
174,12,0.149605175,0.306992311,0.9602966399,0.1099220732,,,,,,60,,
174,13,0.1196646132,0.2179112362,0.9716070374,0.09317636972,,,,,,60,,
174,14,0.1594661515,0.319542861,0.9695292687,0.1025619275,,,,,,60,,
174,14(1),0.1782625745,0.2719503231,0.9492526479,0.1232318402,,,,,,60,,
174,15,0.1786135057,0.3620334327,0.9633952385,0.1140723081,99,268,57,29,,60,,
174,16,0.1718106969,0.3607504976,0.9576932376,0.1254571142,95,392,49,20,,60,,
174,17,0.1673896897,0.2811696207,0.9733472955,0.09422040385,,,,,,60,,
174,18,0.1808829896,0.2719076534,0.9550787629,0.1261073375,,,,,,60,,
174,18(1),0.1821789493,0.3760637668,0.9570685133,0.1200393671,89,309,51,18,,60,,
174,20,0.1296774194,0.2542185452,0.9633639787,0.1199840527,,,,,,60,,
175,01,0.1847063454,0.3868657291,0.9627066565,0.1081626763,97,669,41,18,,60,,
175,02,0.2287204537,0.4189783086,0.934415181,0.1426098569,,,,,,60,,
175,03,0.1826081573,0.3808082687,0.954978787,0.1167970571,97,579,35,16,,60,,
175,05,0.2528659315,0.4092697193,0.930524992,0.1463255732,91,212,50,28,,60,,
175,05(1),0.2336235983,0.4260886407,0.9283425887,0.1499156679,83,371,49,20,,60,,
175,06,0.1824828833,0.3696660828,0.9559253082,0.1244669531,98,275,43,11,,60,,
175,07,0.1865280773,0.3604285824,0.9549998585,0.1245329833,100,405,44,22,,60,,
175,10,0.2172040975,0.4080151145,0.9344214424,0.1479211989,,,,,,60,,
175,10(1),0.1136066889,0.3042328875,0.9558700217,0.1132202967,,,,,,60,,
175,10(2),0.1528635139,0.4216972027,0.952347137,0.121143685,,,,,,60,,
175,10(3),0.1430547256,0.3093826875,0.9512259939,0.1312313198,,,,,,60,,
175,10(4),0.1365543519,0.2730322111,0.966504262,0.09869586562,,,,,,60,,
175,12,0.1749559391,0.3761688592,0.9620511505,0.1100438563,99,298,36,18,,60,,
175,13,0.2244178101,0.413329203,0.9434752355,0.1341760999,96,234,48,19,,60,,
175,13(1),0.2897580555,0.5704599949,0.9352107997,0.1408496687,100,491,40,18,,60,,
175,14,0.1941093728,0.3754410462,0.963872487,0.1052903142,94,319,46,18,,60,,
175,14(1),,,,,,,,,,60,,
175,14(2),,,,,,,,,,60,,
175,14(3),,,,,,,,,,60,,
175,14(4),,,,,,,,,,60,,
175,14(5),,,,,,,,,,60,,
175,14(6),,,,,,,,,,60,,
175,16,0.1602364259,0.3206894651,0.9582606277,0.1159492399,99,254,48,15,,60,,
175,16(1),0.2264850568,0.4739914321,0.9411586261,0.1411414067,85,302,44,22,,60,,
176,05,0.260845381,0.442723691,0.9550372485,0.1304179284,,,,,,,,
176,05(1),0.2684161239,0.4067386532,0.9597442863,0.1098059731,,,,,,,,
176,06,0.2477037059,0.4219464318,0.9625757442,0.1063901193,,,,,,,,
176,06(1),0.3957704915,0.6128475201,0.9372084833,0.1687012992,,,,,,,,
176,06(2),0.2035956758,0.3633454227,0.971308235,0.1035012594,,,,,,,,
176,06(3),0.2624440905,0.5371368897,0.9722380738,0.08304027299,,,,,,,,
176,07,0.2741518966,0.4775476128,0.9592430822,0.109276338,,,,,,,,
176,09,0.09692157317,0.1939308267,0.9442430482,0.9442430482,,,,,,,,
176,11,0.2344167832,0.4872884445,0.9660931057,0.1144006733,,,,,,,,
176,12,0.07793031022,0.1780680689,0.9659556145,0.1066526386,,,,,,,,
176,12(1),0.09852079327,0.2052083099,0.9774928278,0.07436311553,,,,,,,,
176,13,0.2947188347,0.4887677489,0.9691119426,0.09823410016,,,,,,,,
176,13(1),0.1505130758,0.2859689812,0.9674443015,0.1004326451,,,,,,,,
176,13(2),0.1837926604,0.2993094847,0.922773,0.1597504119,,,,,,,,
176,14,0.08354225,0.2024671241,0.9838798632,0.05931149773,,,,,,,,
176,14(1),0.0965008,0.2359150134,0.9757358007,0.08751380277,,,,,,,,
176,14(2),0.05505703774,0.1410256418,0.991430463,0.04138451986,,,,,,,,
176,16,0.04953050909,0.1220954239,0.9767062349,0.08832254811,,,,,,,,
176,16(1),0.07464378922,0.1767754231,0.9695270341,0.1116570249,,,,,,,,
176,17,0.123926789,0.243551249,0.9660893,0.09768954481,,,,,,,,
176,19,0.2726556042,0.3723726119,0.9881693265,0.05854391482,,,,,,,,
176,20,0.1437240455,0.2890929915,0.9597479403,0.1181448628,,,,,,,,
176,20(1),0.115229725,0.1993569164,0.982918878,0.07779854963,,,,,,,,
176,20(2),0.1716264462,0.3241610581,0.9753360152,0.100411906,,,,,,,,
176,20(3),0.1639908314,0.2858530795,0.967373763,0.1124544311,,,,,,,,
177,04,0.09216831111,0.2077758193,0.9463863043,0.1295774756,100,486,50,24,,60,,
177,05,0.09736243257,0.2019868188,0.9486103054,0.1325904127,100,432,54,22,,60,,
177,06,0.0942201246,0.2647594346,0.9457851373,0.1338287927,100,473,51,21,,60,,
177,07,0.09317752,0.1986838475,0.9590411765,0.1325638613,,,,,,60,,
177,07(1),0.1222438043,0.251527268,0.9836875745,0.0664498644,,,,,,60,,
177,07(2),0.06895034,0.1447376752,0.9450011176,0.1378377925,,,,,,60,,
177,10,0.08505412894,0.2067497901,0.9493494389,0.1285428093,98,651,49,22,,60,,
177,11,0.07129774545,0.1698949384,0.9660654107,0.08697207784,100,450,54,27,,60,,
177,11(1),0.05729706897,0.1264163925,0.9510754407,0.1258123134,,,,,,60,,
177,12,0.1014712523,0.2343804506,0.9432010922,0.1394407406,98,607,50,23,,60,,
177,14,0.08097819118,0.1583903774,0.9517917101,0.1093420949,94,228,56,17,,60,,
177,14(1),0.09684055065,0.2313987411,0.9433938418,0.1358635017,100,553,51,20,,60,,
177,16,0.1071395675,0.2465212753,0.9359324623,0.1380407543,99,244,61,23,,60,,
177,18,0.07573163964,0.1716757967,0.9527407232,0.1266096135,,,,,,60,,
177,18(1),0.08867388889,0.1976981825,0.9630442466,0.117871148,,,,,,60,,
177,18(2),0.08745631915,0.1630961063,0.9404562917,0.1384056418,,,,,,60,,
177,18(3),0.1214289811,0.223493462,0.9508237037,0.1312976039,,,,,,60,,
178,05,0.09982721675,0.2361090738,0.9668110311,0.107073292,100,500,52,28,,60,,
178,06,0.06300484348,0.1736893791,0.9720333844,0.1016532425,100,309,50,14,,60,,
178,10,0.1522091728,0.2764026752,0.9708882386,0.1023159415,100,809,33,24,,60,,
178,10(1),0.1333725171,0.262234804,0.9628395602,0.1184429566,,,,,,60,,
178,11,0.06450323704,0.1677110588,0.9757428207,0.08930694473,,,,,,60,,
178,12,0.0904141322,0.2158736202,0.9708548447,0.09404602571,96,377,51,18,,60,,
178,12(1),0.1046957012,0.2466003951,0.9651659491,0.115122522,100,536,49,18,,60,,
178,14,0.05165296875,0.1701325403,0.9734949378,0.09579143728,,,,,,60,,
178,14(1),0.1319158628,0.276424913,0.9730867734,0.08754750454,67,235,51,14,,60,,
178,16,0.07481003681,0.1842130037,0.9685372,0.1056896759,100,363,55,21,,60,,
178,18,0.146507133,0.2982781349,0.9748468121,0.08830802611,100,811,36,23,,60,,
178,20,0.151897083,0.2761366871,0.9749591736,0.09478432403,99,799,36,22,,60,,
179,01,0.1950097188,0.3949879052,0.9453717879,0.1490807769,,,,,,,,
179,01(1),,,,,,,,,,,,
179,01(2),,,,,,,,,,,,
179,02,,,,,,,,,,,,
179,02(1),,,,,,,,,,,,
179,02(2),,,,,,,,,,,,
179,02(3),,,,,,,,,,,,
179,06,,,,,,,,,,,,
179,07,0.03029292308,0.05971059748,0.9672465,0.1225523752,,,,,,,,
179,07(1),,,,,,,,,,,,
179,07(2),0.1112727273,0.2645545141,0.98193775,0.08671186714,,,,,,,,
179,07(3),,,,,,,,,,,,
179,07(4),,,,,,,,,,,,
179,10,,,,,,,,,,,,
179,11,0.1399094762,0.3262879612,0.9170385,0.1784121708,,,,,,,,
179,11(1),,,,,,,,,,,,
179,13,0.1515014727,0.2695205977,0.989915,0.04353753633,,,,,,,,
179,13(1),,,,,,,,,,,,
179,13(2),,,,,,,,,,,,
179,13(3),,,,,,,,,,,,
179,13(4),,,,,,,,,,,,
179,13(5),,,,,,,,,,,,
179,13(6),,,,,,,,,,,,
179,14,0.1102303,0.2429233385,0.9117160968,0.1892708448,,,,,,,,
179,14(1),0.1219806977,0.241063323,0.9382827955,0.1417530844,,,,,,,,
179,14(2),,,,,,,,,,,,
179,16,0.21177458,0.3860874843,0.9447320196,0.1349082029,,,,,,,,
179,16(1),,,,,,,,,,,,
179,16(2),,,,,,,,,,,,
179,16(3),,,,,,,,,,,,
179,16(4),,,,,,,,,,,,
179,16(5),,,,,,,,,,,,
179,18,0.04166666667,0.1055099661,0.9779933684,0.09592468314,,,,,,,,
179,18(1),0.1265853659,0.2449654032,0.9698594048,0.09690839854,,,,,,,,
179,20,,,,,,,,,,,,
179,20(1),,,,,,,,,,,,
179,20(2),,,,,,,,,,,,
179,20(3),,,,,,,,,,,,
179,20(4),,,,,,,,,,,,
179,20(5),,,,,,,,,,,,
179,20(6),,,,,,,,,,,,
179,03,,,,,,,,,,,,
179,03(1),,,,,,,,,,,,
180,05,0.1841482617,0.4187667715,0.936392468,0.1468175588,,,,,,,,
180,06,0.1725370032,0.3952119206,0.944775793,0.1355587829,,,,,,,,
180,12,0.1314550872,0.2750448567,0.9612178928,0.1086999119,,,,,,,,
180,16,0.1685353772,0.3667556815,0.9515149455,0.121675649,,,,,,,,
180,18,0.168933873,0.3747461386,0.9372060765,0.1443505394,,,,,,,,
181,02_1,0.1920310461,0.349752455,0.8943361699,0.1901058226,,,,,,,,
181,02_2,0.2162710175,0.4430290065,0.9540650058,0.1187133064,,,,,,,,
181,10_1,0.2069455789,0.4092580465,0.9605062308,0.09531432331,,,,,,,,
181,10_2,0.24,0.4596737974,0.94224575,0.1464933751,,,,,,,,
181,14,0.2979157665,0.4801966598,0.9303100455,0.1540401646,,,,,,,,
182,01,0.6406222968,0.8755745668,0.7860184181,0.2323568337,,,,,,,,
182,03_2,0.5707138378,0.8540739261,0.76464348,0.2356316902,,,,,,,,
182,03_3,0.7202322093,1.038512501,0.7798978409,0.2369630409,,,,,,,,
182,03_4,0.9877016154,1.304062711,0.7526598,0.1998735289,,,,,,,,
182,03,0.8532176468,1.226635822,0.8087314941,0.2138584291,,,,,,,,
182,08,0.6765128293,1.086812244,0.776192381,0.2103123274,,,,,,,,
182,09,0.4958111649,0.781769405,0.8105656144,0.2073339578,,,,,,,,
182,14,0.221905115,0.6469469489,0.9480342743,0.1293601983,,,,,,,,
182,14_1,0.6451940152,1.094805534,0.8438891493,0.1820532688,,,,,,,,
182,14_2,0.427334561,0.6782685388,0.8284236024,0.2291009722,,,,,,,,
182,14_3,0.4124215181,0.678777636,0.8070245952,0.2214826247,,,,,,,,
182,14_4,0.5931311538,0.7344961322,0.7797705094,0.2515824914,,,,,,,,
182,14_5,0.5271265085,0.6091667998,0.8108457833,0.2306319173,,,,,,,,
184,02,0.1580856957,0.3291848032,0.9408121459,0.1403161499,,,,,,,,
184,07,0.1284167956,0.2350952654,0.9512688319,0.1175308068,,,,,,,,
184,08,0.1796049282,0.3730014238,0.9546883901,0.1224193194,,,,,,,,
184,09,0.1925894865,0.3886808376,0.946461906,0.1242068705,,,,,,,,
184,10,0.1242068705,0.3538745582,0.9390052609,0.128746025,,,,,,,,
184,11,0.1854883526,0.4160328384,0.948874879,0.134019467,,,,,,,,
185,02_1,0.3143671767,0.5996796725,0.9215088948,0.1577901985,,,,,,,,
185,02_2,0.2369491714,0.4230969837,0.9335859745,0.1410325257,,,,,,,,
185,03_1,0.2232124644,0.4602230377,0.9037028704,0.1782255622,,,,,,,,
185,03_2,0.2922816339,0.6212640563,0.9189067556,0.1577737517,,,,,,,,
185,08,0.2036225206,0.4760707177,0.9407425721,0.1417417324,,,,,,,,
185,10,0.2200511301,0.4360936923,0.939897273,0.1318275878,,,,,,,,
185,11,0.1788424336,0.3881986944,0.9368533172,0.1420390814,,,,,,,,
188,03,0.06781402732,0.1879842413,0.9773230924,0.09138887517,,,,,,,,
188,03_2,,,,,,,,,,,,
188,10,0.07309090909,0.1779291653,0.9834209286,0.06428122874,,,,,,,,
188,11,0.07585714286,0.2474764307,0.9900247872,0.05404378899,,,,,,,,
188,12,0.07774390244,0.1924186585,0.9952134848,0.03901919308,,,,,,,,
188,17,,,,,,,,,,,,
189,09,0.6986319892,0.8051722569,0.7940909305,0.222005873,,,,,,60,,
189,10,0.6752239615,0.6856839357,0.7740200382,0.2177411444,,,,,,60,,
189,11,0.672557525,0.8105270205,0.7961451157,0.220561483,,,,,,60,,
189,14,0.4962946333,0.5842662518,0.8133850165,0.228932937,,,,,,60,,
190,02,0.2364093851,0.4173992958,0.9368668571,0.1502186718,,,,,,50,,
190,03_1,0.2240362586,0.3659518877,0.9352431134,0.1480973015,,,,,,50,,
190,03_2,0.19317193,0.4167763129,0.9408652791,0.1360117082,,,,,,50,,
190,09(mp3),,,,,,,,,,50,,
190,13,0.283833078,0.4299248788,0.930111432,0.1365425945,,,,,,50,,
190,14,0.2168190464,0.4124562332,0.9197167063,0.1628344021,,,,,,50,,
191,10,0.1546939591,0.3631720451,0.9695776395,0.09329393875,,,,,,60,,
191,11,0.1320872081,0.4095778548,0.9752560977,0.08711401181,,,,,,60,,
191,14,0.1651988259,0.5065531935,0.9784530743,0.0777527569,,,,,,60,,
192,14,0.07863730878,0.2696218494,0.953293613,0.1306449829,,,,,,,,
193,07(1),,,,,,,,,,,,
193,07(2),,,,,,,,,,,,
193,07(3),,,,,,,,,,,,
193,07(4),,,,,,,,,,,,
193,07(5),,,,,,,,,,,,
193,09(1),,,,,,,,,,,,
193,09(2),,,,,,,,,,,,
193,10(1),,,,,,,,,,,,
193,10(2),,,,,,,,,,,,
193,10(3),,,,,,,,,,,,
193,10(4),,,,,,,,,,,,
193,10(5),,,,,,,,,,,,
193,10(6),,,,,,,,,,,,
193,10(7),,,,,,,,,,,,
193,14(1),,,,,,,,,,,,
193,14(2),,,,,,,,,,,,
193,14(3),,,,,,,,,,,,
193,14(4),,,,,,,,,,,,
193,14(5),,,,,,,,,,,,
193,15,,,,,,,,,,,,
193,17,,,,,,,,,,,,
194,02(1),0.1131168885,0.2360422536,0.9396825163,0.1361245197,,,,,,,,
194,02(2),0.1082968628,0.2186961188,0.9406845971,0.1401893161,,,,,,,,
194,07,0.09861310238,0.2137314531,0.9499636788,0.1305772478,,,,,,,,
194,09,0.1014499927,0.2313451131,0.9291839541,0.1549348306,,,,,,,,
194,11(1),0.04784351724,0.1343197145,0.9567106,0.1200727305,,,,,,,,
194,11(2),0.0997201519,0.2524194557,0.954063825,0.1160473579,,,,,,,,
194,11(3),0.083832152,0.2121268766,0.9380033466,0.1355200351,,,,,,,,
194,11(4),0.1019328398,0.251080674,0.9291985431,0.1536452826,,,,,,,,
194,14,0.08196932861,0.2179404631,0.9531596014,0.1271783253,,,,,,,,
194,17,0.09659009264,0.2023908041,0.9315167663,0.1443761919,,,,,,,,
195,02,0.1122147357,0.224428291,0.9316693381,0.1467999998,,,,,,,,
195,03(1),0.09490168712,0.1901104661,0.9646289388,0.1078274633,,,,,,,,
195,03(2),0.1045630725,0.1861693693,0.959373308,0.1217477038,,,,,,,,
195,07(1),0.0859950298,0.1867185358,0.960121802,0.1102422824,,,,,,,,
195,07(2),0.1049882846,0.2260807241,0.9589402214,0.1241003009,,,,,,,,
195,09,0.09478143558,0.1900143664,0.9665624801,0.1029282364,,,,,,,,
195,11,0.08119682189,0.1985727715,0.9722616146,0.1044679335,,,,,,,,
195,15(2),0.1036891496,0.2199192694,0.968635017,0.102190208,,,,,,,,
195,14,0.113353806,0.2691516353,0.9666630075,0.1053545162,,,,,,,,
195,17(1),0.095679,0.1935625191,0.9341047576,0.1494000176,,,,,,,,
196,06(1),,,,,,,,,,,,
196,07,,,,,,,,,,,,
196,13,,,,,,,,,,,,
196,14,,,,,,,,,,,,
196,16,,,,,,,,,,,,
196,18,,,,,,,,,,,,
196,18(1),,,,,,,,,,,,
196,18(2),,,,,,,,,,,,
196(mp3),06,,,,,,,,,,,,
197,01,0.2677530732,0.5976610763,0.9457395238,0.1519113174,,,,,,,,
197,01(1),0.1519536588,0.2653345142,0.9283546744,0.1327546894,,,,,,,,
197,05,0.09195479381,0.1986190095,0.9573195714,0.1124240921,,,,,,,,
197,05(1),0.1098820986,0.2618575735,0.9642307222,0.1088729633,,,,,,,,
197,10,0.09355488372,0.1818849702,0.9441233864,0.1434217094,,,,,,,,
197,10(1),0.085,0.1870470138,0.9856049535,0.06933897128,,,,,,,,
197,12,0.147172875,0.3051933055,0.980953,0.05923767405,,,,,,,,
197,13,0.07914128767,0.2189788779,0.9513607838,0.1392596654,,,,,,,,
197,13(1),0.147190098,0.3264767251,0.979434313,0.07634787069,,,,,,,,
197,14,0.1323487216,0.2490458494,0.977151457,0.09506258028,,,,,,,,
197,16,0.05903708163,0.1241570613,0.95702652,0.1175817933,,,,,,,,
197,16(1),0.1001694915,0.2064431506,0.9682117815,0.1187392777,,,,,,,,
197,18,0.10625,0.2097681091,0.9962536735,0.02622428571,,,,,,,,
197,18(1),0.1231319828,0.2421988164,0.9754379492,0.09126516288,,,,,,,,
197,18(2),0.1043399038,0.2246408833,0.971295419,0.09998905301,,,,,,,,
197,18(3),0.1755000366,0.3171374104,0.9503149518,0.116984072,,,,,,,,
197,18(4),0.14840898,0.3730332268,0.9476978614,0.1323680337,,,,,,,,
198,18,0.1210224294,0.2542015941,0.9382054438,0.1506721044,,,,,,,,
198 ,13,0.07788168372,0.1908207338,0.9759976991,0.08766434332,,,,,,,,
199,01,0.109299541,0.2219341543,0.9623099677,0.09586904021,,,,,,,,
199,01(1),,,,,,,,,,,,
199,06,,,,,,,,,,,,
199,07,,,,,,,,,,,,
199,13,,,,,,,,,,,,
199,13(1),,,,,,,,,,,,
199,13(2),,,,,,,,,,,,
199,13(3),,,,,,,,,,,,
199,14,,,,,,,,,,,,
199,16,0.1237295174,0.2702631248,0.9642738923,0.1015550678,,,,,,,,
199,16(1),,,,,,,,,,,,
199,18,0.05940368085,0.13230814,0.9873799375,0.05474642117,,,,,,,,
199,18(1),,,,,,,,,,,,
199,18(2),,,,,,,,,,,,
199,18(3),,,,,,,,,,,,
199,18(4),,,,,,,,,,,,
200,03,0.10089825,0.1967756683,0.9354785072,0.1576032862,,,,,,,,
200,05,0.1146311712,0.2051595728,0.9343222829,0.1531072804,,,,,,,,
200,06,0.08724145172,0.1537250197,0.9194868007,0.1653526865,,,,,,,,
200,07,0.1263835698,0.2337832857,0.9343460806,0.1502748914,,,,,,,,
200,11,0.100704869,0.1801610729,0.9436762235,0.1469690941,,,,,,,,
200,14,0.1093313099,0.22882196,0.9492098881,0.1298888788,,,,,,,,
200,14(1),0.09792969149,0.1802644027,0.9489668413,0.1263935559,,,,,,,,
200,16,0.1189754462,0.2241327702,0.9616203359,0.1152511785,,,,,,,,
200,16(1),0.105,0.1940979134,0.9710325185,0.09147679096,,,,,,,,
200,18,0.1265606324,0.2298529377,0.9269955692,0.1492450963,,,,,,,,
200,18(1),0.1320148659,0.197962274,0.92962565,0.1590624113,,,,,,,,
200,18(2),0.105981065,0.2039780078,0.9492266269,0.1301857361,,,,,,,,
200,20,0.1364308534,0.2348483561,0.9585986198,0.1185228654,,,,,,,,
201,9,0.07690446835,0.1849729399,0.9008231125,0.1685589221,76,47,89,17,,55,,
201,17,1.195095024,1.131337495,0.7294448372,0.2400679921,,,,,,55,too short,
201,14,0.09403416964,0.2842681952,0.9287884243,0.1498837253,97,241,57,18,,55,,
201,10,0.08270515904,0.2692509967,0.9530652308,0.1279664519,99,299,56,23,,55,,
203,10,0.07536587805,0.1711738635,0.957560619,0.1283279102,89,49,82,20,,55,,
203,9,0.1189348298,0.2064155112,0.9637233729,0.1127717123,90,173,58,24,,55,,
203,6,0.1566114706,0.2543287158,0.9714867915,0.09682735921,98,301,55,17,,55,,
203,11,0.1054924839,0.2108013911,0.9525443723,0.1262611567,95,110,76,19,,55,,
203,16,0.08133333333,0.1778993587,0.9726642826,0.08874047899,84,55,78,23,,55,,
203,1,0.1015229302,0.179722903,0.9634786782,0.1316346477,99,116,65,16,,55,,
203,17,0.1327854792,0.2953170899,0.9641000204,0.1092517894,90,53,81,28,,55,,
203,10,0.1127856009,0.2071408634,0.965507308,0.1117301659,100,234,59,25,,55,,
203,10,0.06785352475,0.1447926587,0.9719554118,0.1071205438,70,127,64,21,,55,,
203,10,0.06437512766,0.1496542075,0.9523176875,0.1290316747,83,53,87,26,,55,,
205,14,0.3193496676,0.5735964142,0.9152974831,0.1610408884,99,241,51,17,,50,,
205,2,0.3381345579,0.4970379141,0.9212110118,0.1539793252,92,255,54,20,,50,,
205,10,0.3263559822,0.5341067097,0.9370038059,0.145177348,77,101,68,10,,50,,
207,2,0.1395355786,0.3012740986,0.9440521733,0.1327812501,95,204,63,22,,55,,
207,2,0.1643156096,0.1643156096,0.9439878095,0.1325930989,97,246,59,18,,55,,
207,15,0.1544798773,0.2984862465,0.9400380439,0.1315566821,92,243,63,12,,55,,
207,7,0.1108541986,0.2536481808,0.9467976655,0.1176079565,87,196,58,18,,55,,
207,7,0.1310976115,0.3012954245,0.9525851832,0.119496403,100,197,60,18,,55,,
207,9,0.1457698531,0.3113272017,0.9327165203,0.1561190008,95,195,58,17,,55,,
207,15,0.1523857792,0.2842818833,0.9391014025,0.1441832445,68,156,64,22,,55,,
207,10,0.1444790833,0.3488022156,0.9645345544,0.1109371728,78,129,73,24,,55,,
207,17,0.1279419438,0.298356643,0.961334984,0.1145933973,100,207,63,14,,55,,
207,10,0.14845965,0.3491091268,0.9457673478,0.1420176375,82,133,70,25,,55,,
207,14,0.1556827158,0.3508909238,0.943088043,0.1340903539,99,226,62,17,,55,,
208,3,0.08935443915,0.2279187763,0.8956743579,0.1836072147,96,50,80,28,,55,,
208,9,0.08846589735,0.1938463233,0.9587575215,0.1123399855,66,57,75,21,,55,,
208,7,0.08761836426,0.1826739114,0.9482653801,0.1359167312,92,56,75,10,,55,,
208,17,0.1139644628,0.2372414948,0.9446322381,0.1352005518,,,,,,55,too short,
208,14,0.05335897,0.1256073399,0.9264130199,0.1529362315,88,141,70,17,,55,,
208,15,0.1122903733,0.2631763069,0.9023904248,0.1735255115,94,72,83,25,,55,,
208,2,0.09697171139,0.2101841906,0.9483027222,0.132009429,70,352,78,27,,55,,
208,11,0.09025013843,0.2004274656,0.9379688619,0.136090614,84,166,75,23,,55,,
208,9,0.08846456954,0.1938468548,0.9590879835,0.1118479973,66,57,75,21,,55,,
208,2,0.1538848062,0.2962680888,0.930878,0.1500878119,83,44,86,21,,55,,
209,9,0.1216995556,0.2360085976,0.932566015,0.1522861173,99,203,56,18,,,k c im,
209,3,0.12775825,0.6037111435,0.9507669447,0.124308494,87,161,63,14,,,k c im,
209,14,0.08555721901,0.1765510927,0.9646033251,0.1132554415,99,260,50,14,,,k c im,
209,21,0.09326369163,0.1597372316,0.9438475614,0.1363998567,98,210,58,17,,,k c im,
209,17,0.08852978694,0.1548808824,0.9384126884,0.1506375831,96,43,79,24,,,k c im,
209,02,0.0781033,0.1475019238,0.9139387802,0.1752057217,89,66,70,15,,,k c im,
209,10,,,,,86,56,79,23,,,k c im,
209,09,0.1083256369,0.1986582943,0.9633319889,0.1143448963,99,298,59,30,,,k c im,
209,10,,,,,48,39,85,12,,,k c im,
209,11,0.1107042254,0.2214776606,0.9552212361,0.122858367,89,99,74,19,,,k c im,
209,17,0.08474311538,0.1435040761,0.9025905094,0.1611569075,99,277,61,22,,,k c im,
60,3,0.2693384259,0.5556152283,0.925966319,0.1499577093,89,98,67,15,,65,,
60,3,0.2787106138,0.4980696615,0.9377380616,0.1527980251,65,123,67,16,,65,,
68,1,0.122818226,0.2290857292,0.9659840239,0.1040432351,81,296,46,19,,65,,
68,1,0.09681732248,0.2063114232,0.9657888864,0.1106933712,56,150,56,15,,65,,
68,2,0.1212942844,0.2345581421,0.9695353562,0.099733668,97,184,57,28,,65,,
68,2,0.1059158327,0.2036469166,0.973178627,0.1025629212,97,240,59,20,,65,,
68,3,0.1237398876,0.2417193159,0.9618850431,0.1166928066,99,304,50,22,,65,,
68,3,0.1263020342,0.29096006,0.959397966,0.1226075092,98,201,55,21,,65,,
68,3,0.1258313626,0.295765874,0.9627955246,0.1143110519,85,145,71,18,,65,,
68,5,0.1254206169,0.2635188942,0.946282542,0.1359840388,91,47,79,19,,65,,
68,5,0.1299653543,0.2506621364,0.9769725284,0.08840463509,93,112,67,16,,65,,
68,5,0.1107759722,0.2265630019,0.9553458894,0.1208476548,85,68,79,15,,65,,
68,6,0.9708076589,0.3426586713,0.9708076589,0.09687006285,97,166,60,19,,65,,
68,6,0.112635341,0.2597582481,0.9677541844,0.1061391428,64,193,55,8,,65,,
68,6,0.109366928,0.2424006569,0.9769650438,0.09095401266,91,143,59,15,,65,,
68,7,0.1360830924,0.273041353,0.966680818,0.1007065785,71,143,56,18,,65,,
68,7,0.1479751348,0.2952133903,0.9521271991,0.1271211946,99,305,51,19,,65,,
68,7,0.09200864583,0.2125676534,0.9688652435,0.1033104848,91,172,53,14,,65,,
68,17,0.1191304936,0.2496021771,0.9637639236,0.1185984638,98,287,47,18,,65,,
68,17,0.1336433761,0.2851676542,0.9697689589,0.1017577145,90,104,57,20,,65,,
68,17,0.1301594652,0.2949968066,0.09428277909,0.09428277909,84,55,78,14,,65,,
70,1,0.1398462527,0.3053459895,0.9758203947,0.0900734352,85,163,65,14,,65,,
70,1,0.1161700656,0.284143434,0.9799102916,0.07823985246,99,191,52,15,,65,,
70,1,0.1604650564,0.3108390252,0.9896525355,0.05741839522,99,214,56,18,,65,,
70,2,0.1043347054,0.2278828203,0.9782750744,0.09097691976,100,335,50,22,,65,,
70,2,0.1589506742,0.2976014403,0.973655653,0.09214337572,100,221,56,26,,65,,
70,2,0.1272874385,0.2739638618,0.9718780053,0.1003828374,99,228,49,18,,65,,
70,3,0.1265197302,0.2796994279,0.9627729684,0.107798082,99,325,44,18,,65,,
70,3,0.1297227577,0.2810765689,0.9723419512,0.08755487658,75,235,50,20,,65,,
70,3,0.1562021655,0.3090435031,0.9664283665,0.09939941454,98,321,42,18,,65,,
75,1,0.143243297,0.3071505795,0.9566173132,0.1245270488,100,631,43,25,,65,,
75,2,0.1419499467,0.2978661352,0.9585677902,0.119144874,100,666,50,28,,65,,
75,3,0.1734589774,0.344442129,0.9499817011,0.1260319532,100,520,49,23,,65,,
75,5,0.1583151667,0.3111491735,0.9503166809,0.1304642006,100,667,42,24,,65,,
75,16,0.1452436478,0.2851804537,0.9506846506,0.1299517219,100,701,40,20,,65,,
75,6,0.1265785201,0.2709465705,0.9665510716,0.1097018674,98,762,41,19,,65,,
75,7,0.131112858,0.2745383476,0.9523151243,0.1249203556,94,681,43,20,,65,,
75,17,0.1695204577,0.3395622078,0.9563886025,0.1190248325,100,642,40,24,,65,,
75,9,0.1385281473,0.3022383903,0.9559587673,0.1248811502,100,578,43,22,,65,,
76,1,0.1615556895,0.3397399518,0.9425009637,0.1347957593,93,79,80,19,,65,,
76,1,0.2041721369,0.425490915,0.941158247,0.1385276299,99,341,54,25,,65,,
77,1,0.09194134348,0.2193283196,0.9287324632,0.153249063,56,165,55,24,,60,,
77,1,0.09159527273,0.2191309676,0.9280139138,0.1567403869,91,82,79,9,,60,,
77,1,0.09543136,0.1673245779,0.9268581984,0.1478998968,91,117,68,24,,60,,
77,1,0.09093303937,0.1638923593,0.92381975,0.1673245779,91,82,79,9,,60,,
77,1,0.08605967677,0.2169772151,0.93556515,0.1390223721,56,165,55,24,,60,,
77,1,0.08668405051,0.2170790318,0.93612476,0.1382570607,91,117,68,24,,60,,
77,2,0.1189118333,0.2633840966,0.9107265468,0.1717335997,86,107,73,36,,60,,
77,2,0.1038799766,0.1935453827,0.9141215756,0.1729495896,90,129,67,23,,60,,
77,2,0.1093623011,0.2508680249,0.9187361864,0.1550203453,82,100,68,21,,60,,
77,3,0.116769577,0.2741692957,0.9344843126,0.1452700038,91,469,51,27,,60,,
77,5,0.1272125514,0.3125109308,0.9474421168,0.1343301455,100,506,50,20,,60,,
77,16,0.1191927359,0.2774720437,0.9272429848,0.1522945269,99,541,48,26,,60,,
77,6,0.1100881263,0.2801813133,0.9503633851,0.1263622226,100,502,46,23,,60,,
77,7,0.1327427994,0.3139049206,0.930355287,0.1528494335,100,478,52,26,,60,,
80,1,0.1100404627,0.2389236594,0.9716331673,0.08559741497,61,141,68,25,,70,,
80,1,0.1683727218,0.3422827802,0.947313194,0.1303548094,98,267,55,28,,70,,
80,1,0.1026518202,0.2464482413,0.9695263774,0.09734106411,99,331,63,25,,70,,
80,2,0.08195295066,0.2022509833,0.9724574426,0.08954248205,97,244,60,24,,70,,
80,2,0.07172531718,0.1630369751,0.9806572105,0.07244231595,100,410,53,33,,70,,
80,2,0.09466203271,0.2243573893,0.9626776923,0.1046964699,97,320,56,21,,70,,
80,3,0.1886850924,0.4353876132,0.9603812865,0.1126793209,98,210,56,21,,70,,
80,3,0.3002653954,0.6656386038,0.9608959605,0.1117591134,100,597,45,25,,70,,
80,5,0.2411553591,0.5040766401,0.9626338646,0.1063286082,100,577,43,25,,70,,
80,5,0.2558672581,0.5172792432,0.980019609,0.08518700007,75,171,57,26,,70,,
80,5,0.273241469,0.6048626762,0.959603068,0.1144295794,100,438,46,29,,70,,
80,16,0.1127705678,0.3086105728,0.9910957637,0.05479900382,99,238,53,20,,70,,
80,16,0.0998697006,0.2427625329,0.97958775,0.07987386423,72,164,59,33,,70,,
80,16,0.131091547,0.3114368884,0.9698295132,0.09550478765,100,580,46,27,,70,,
80,6,0.1901421925,0.3821969728,0.9686594774,0.1101219187,99,265,55,16,,70,,
80,6,0.189122446,0.3789026292,0.964758215,0.1076712732,80,210,55,17,,70,,
80,6,0.08326487131,0.2353920274,0.9699444147,0.1046435349,100,450,51,19,,70,,
80,7,0.1074444451,0.2660815413,0.9769549939,0.08228134301,74,195,61,18,,70,,
80,7,0.07922567839,0.2181637445,0.98495344,0.07356431471,99,332,55,24,,70,,
80,7,0.121134191,0.2600251101,0.9270340175,0.1549995433,80,155,61,15,,70,,
80,17,0.2240564161,0.7746807793,0.9679256594,0.1000575275,98,370,53,20,,70,,
80,17,0.2240564161,0.7746807793,0.9679256594,0.1000575275,62,176,69,23,,70,,
80,17,0.07086172472,0.2016470611,0.980107095,0.07660687883,98,197,58,21,,70,,
80,9,0.1485916881,0.2951364328,0.9489219772,0.1365332915,99,224,60,20,,70,,
80,9,0.1986589614,0.3778178286,0.9812194952,0.07548051103,99,222,62,35,,70,,
80,9,0.192558011,0.4262708364,0.9622786771,0.1142035496,100,607,41,29,,70,,
82,10,0.3743433543,0.5324010379,0.8370847386,0.2084669521,,,,,,,,
91,1,0.2590164668,0.2590164668,0.9280547585,0.1520619254,80,312,54,22,,60,,
91,2,0.2899468718,0.5614694008,0.9111878643,0.1637703673,85,237,59,22,,60,,
91,3,0.2531868815,0.4793677083,0.9017396401,0.1815085581,54,360,50,17,,60,,
91,5,0.3094052372,0.5491932759,0.902541331,0.1715860766,99,345,53,21,,60,,
91,6,0.2979698327,0.5519607129,0.9144374884,0.161240724,70,218,64,17,,60,,
91,7,0.2975351349,0.5548603893,0.8818550764,0.1878521618,99,219,57,10,,60,,
91,17,0.2442956002,0.4643927093,0.8859902051,0.1837946504,98,194,63,21,,60,,
92,1,0.1336113392,0.2987949987,0.9324839779,0.147207418,98,300,50,23,,65,,
92,2,0.1422303892,0.3249089963,0.950316936,0.1259628827,100,492,53,26,,65,,
92,3,0.1625241169,0.4113049473,0.930068566,0.1494629583,99,538,51,24,,65,,
92,5,0.1624862692,0.4113106838,0.9297073078,0.1495790653,99,538,51,24,,65,,
92,16,0.1535312479,0.324241009,0.9481224851,0.1232210347,96,217,60,24,,65,,
92,7,0.1521405873,0.3677029124,0.9556659782,0.1211287488,99,210,60,18,,65,,
92,17,0.1520674206,0.3677229053,0.955488301,0.1210495637,99,210,60,18,,65,,
92,2,0.1420893936,0.3249561131,0.1273913923,0.1273913923,100,492,53,26,,65,,
92,2,0.1421341108,0.3249441542,0.9485185852,0.1284207235,100,492,53,26,,65,,
95,3,1.771990407,1.7387647,0.6698608071,0.2515588506,,,,,,,,
95,5,1.658592937,1.844102925,0.6995351315,0.2476476335,,,,,,,,
95,12,2.511174389,2.234635805,0.6622433515,0.251575688,,,,,,,,
95,14,1.918411591,1.963022525,0.6671072079,0.2478264131,,,,,,,,
95,18,1.64784311,1.576712551,0.6609210313,0.2348604649,,,,,,,,
99,17,0.27,,1,0,92,103,60,10,,60,,
99,17,2.7447108,4.948608838,0.8071296667,0.2995260266,75,57,79,18,,60,,
99,17,0.3583505,0.5560414167,1,0,75,40,75,23,,60,,
99,8,1.160704776,0.721739944,0.7871071,0.2501439614,77,182,57,23,,60,,
99,17,0.2673870516,0.4352163723,0.9738930981,0.0924147629,,,,,,60,too short,